1;A0FGXG;New
2;A0HMIJ;New
3;A0IFBG;New
4;A0JKIT;New
5;A0KKUE;New
6;A0MTMD;New
7;A0NQSB;New
8;A0OBDZ;New
9;A0OOEI;New
10;A0OOFR;New
11;A0OUTU;New
12;A0QZSN;New
13;A0RJQJ;New
14;A0UMAN;New
15;A0XUZD;New
16;A1BBPG;New
17;A1BBVC;New
18;A1BFKM;New
19;A1BOFM;New
20;A1FNTG;New
21;A1GGSL;New
22;A1HFZJ;New
23;A1HLDU;New
24;A1KUFG;New
25;A1LJNS;New
26;A1NIWS;New
27;A1OHYU;New
28;A1RUCJ;New
29;A1RWWU;New
30;A1UCJE;New
31;A1UGZC;New
32;A1YVQY;New
33;A1ZFJT;New
34;A1ZNEK;New
35;A2ADRX;New
36;A2BGTW;New
37;A2HSYM;New
38;A2ISHH;New
39;A2IUHJ;New
40;A2IWVR;New
41;A2LKOP;New
42;A2LSRY;New
43;A2NWXO;New
44;A2RWBC;New
45;A2SDNG;New
46;A2WFAA;New
47;A2WGPA;New
48;A2XWKI;New
49;A2XWXQ;New
50;A2YFIA;New
51;A3AXUX;New
52;A3BGCJ;New
53;A3CENC;New
54;A3CYSX;New
55;A3EDSL;New
56;A3FKIG;New
57;A3ILXA;New
58;A3NDUU;New
59;A3PDFW;New
60;A3POAV;New
61;A3QARD;New
62;A3QJOU;New
63;A3STEJ;New
64;A3SZLB;New
65;A3TSNY;New
66;A3UHYT;New
67;A3UIXF;New
68;A3VZUV;New
69;A3WFSS;New
70;A3XOOC;New
71;A3XYMQ;New
72;A4AGCG;New
73;A4CQJU;New
74;A4DMBQ;New
75;A4DMWU;New
76;A4DTVO;New
77;A4EIDJ;New
78;A4HCDV;New
79;A4MHSU;New
80;A4NEZO;New
81;A4OFDD;New
82;A4OQVP;New
83;A4OZUJ;New
84;A4SAGW;New
85;A4WLRE;New
86;A4YDJP;New
87;A4YYPX;New
88;A5AUTW;New
89;A5BKMW;New
90;A5CPLV;New
91;A5FQIU;New
92;A5GLWR;New
93;A5HKDB;New
94;A5IICY;New
95;A5ISPX;New
96;A5JDMK;New
97;A5JSOC;New
98;A5LPGT;New
99;A5LZWZ;New
100;A5MBXI;New
101;A5MMVM;New
102;A5OIQK;New
103;A5OKSB;New
104;A5OXNY;New
105;A5RGNK;New
106;A5THKP;New
107;A5TQCH;New
108;A5UCZR;New
109;A5UQGJ;New
110;A5UYTF;New
111;A5WWDG;New
112;A5XOZO;New
113;A5XRJP;New
114;A6BIHO;New
115;A6CTIF;New
116;A6FCAY;New
117;A6HOOF;New
118;A6IGCD;New
119;A6IHXA;New
120;A6INHS;New
121;A6KQRP;New
122;A6KUMT;New
123;A6MGND;New
124;A6MIRQ;New
125;A6NMKM;New
126;A6NUQL;New
127;A6ORBY;New
128;A6RCBX;New
129;A6SCVO;New
130;A6SNNY;New
131;A6TSYF;New
132;A6TUQF;New
133;A6TYSM;New
134;A6VHTT;New
135;A6WUCM;New
136;A6XPQJ;New
137;A6YBKE;New
138;A6YCYD;New
139;A6YIXH;New
140;A6YLDF;New
141;A7ADYU;New
142;A7BIXP;New
143;A7CNIR;New
144;A7CXGU;New
145;A7FIEE;New
146;A7FXYV;New
147;A7HCNQ;New
148;A7ISQR;New
149;A7JIZO;New
150;A7KEOF;New
151;A7PNTT;New
152;A7PVTP;New
153;A7QLAG;New
154;A7RFFG;New
155;A7SPPD;New
156;A7USIN;New
157;A7UYHW;New
158;A7VIKQ;New
159;A7WSCZ;New
160;A7XNGN;New
161;A7YZIE;New
162;A7ZJMT;New
163;A8AFYM;New
164;A8AOQN;New
165;A8BPGS;New
166;A8BPZN;New
167;A8BZPB;New
168;A8CEDL;New
169;A8EFLW;New
170;A8FGWI;New
171;A8HGBA;New
172;A8HZRZ;New
173;A8IMNM;New
174;A8MRYE;New
175;A8PPPP;New
176;A8RAGR;New
177;A8RVQT;New
178;A8TDUH;New
179;A8UDSA;New
180;A8UOTO;New
181;A8URSN;New
182;A8VCMA;New
183;A8XODW;New
184;A8YHNC;New
185;A9BSCY;New
186;A9DIKF;New
187;A9DSWN;New
188;A9FTRY;New
189;A9FVBX;New
190;A9FXHS;New
191;A9GJGF;New
192;A9HHBK;New
193;A9JCTL;New
194;A9KYGN;New
195;A9OART;New
196;A9OJBQ;New
197;A9OSTH;New
198;A9PQBV;New
199;A9QKJX;New
200;A9QMDV;New
201;A9RJQL;New
202;A9RYSL;New
203;A9SPWU;New
204;A9TCDB;New
205;A9TNRL;New
206;A9WBCG;New
207;A9YNYM;New
208;A9ZUFY;New
209;B0ASLP;New
210;B0DEQF;New
211;B0HACV;New
212;B0HMBJ;New
213;B0ISUD;New
214;B0LBEJ;New
215;B0LNEU;New
216;B0LTTP;New
217;B0MOCD;New
218;B0NFOE;New
219;B0RWKZ;New
220;B0WDLJ;New
221;B0XPBL;New
222;B0YKYO;New
223;B0ZUUD;New
224;B1AETD;New
225;B1AIOB;New
226;B1BXMF;New
227;B1DIFH;New
228;B1HJUQ;New
229;B1ISCY;New
230;B1MTQA;New
231;B1MYHD;New
232;B1PMJL;New
233;B1PVIY;New
234;B1QAJQ;New
235;B1SAGL;New
236;B1SDJX;New
237;B1SGLE;New
238;B1SLVU;New
239;B1SMLI;New
240;B1UAFT;New
241;B1UOZH;New
242;B1VJSN;New
243;B1XJIN;New
244;B1YBXQ;New
245;B1YVYC;New
246;B1ZQMS;New
247;B2BZAE;New
248;B2CPCE;New
249;B2DTZK;New
250;B2EQAI;New
251;B2FBRT;New
252;B2FDSR;New
253;B2HOYY;New
254;B2IKBF;New
255;B2JVLM;New
256;B2KVYK;New
257;B2LOQP;New
258;B2NPSN;New
259;B2OMSZ;New
260;B2PEVF;New
261;B2QIIU;New
262;B2RVCP;New
263;B2SCXY;New
264;B2SPJD;New
265;B2TOBA;New
266;B2ULUK;New
267;B2UNOY;New
268;B2VAKI;New
269;B2WYFK;New
270;B2XDWX;New
271;B2XKCM;New
272;B2XZSJ;New
273;B2ZFWA;New
274;B2ZQNQ;New
275;B3APLX;New
276;B3APXG;New
277;B3CNPE;New
278;B3EGPB;New
279;B3GTPU;New
280;B3HDCH;New
281;B3HYHK;New
282;B3NJTP;New
283;B3PDYE;New
284;B3PGHJ;New
285;B3QPMJ;New
286;B3SAND;New
287;B3SDJI;New
288;B3SFYF;New
289;B3TOXK;New
290;B3TSYJ;New
291;B3VPVZ;New
292;B3WPYY;New
293;B3ZDHD;New
294;B3ZIYR;New
295;B4BLGD;New
296;B4BWUN;New
297;B4BZHY;New
298;B4DWVK;New
299;B4EDQN;New
300;B4ERKY;New
301;B4EYCN;New
302;B4FHCA;New
303;B4GJVT;New
304;B4HBWM;New
305;B4KPKS;New
306;B4LPHO;New
307;B4NHOF;New
308;B4OKWG;New
309;B4QDLY;New
310;B4QZPF;New
311;B4SSET;New
312;B4TCLU;New
313;B4TXWL;New
314;B4USEF;New
315;B4WJEP;New
316;B4YWYJ;New
317;B4ZLOU;New
318;B4ZVCB;New
319;B5EHCH;New
320;B5FVHW;New
321;B5FVZR;New
322;B5GCPZ;New
323;B5GPXL;New
324;B5HBRL;New
325;B5IDDC;New
326;B5LWKH;New
327;B5MSOC;New
328;B5MUVM;New
329;B5NAVX;New
330;B5RBAT;New
331;B5UBRV;New
332;B5UGNB;New
333;B5UPIC;New
334;B5YTMT;New
335;B5ZBNJ;New
336;B6BTNP;New
337;B6CPPQ;New
338;B6DEDI;New
339;B6ENZK;New
340;B6FGKF;New
341;B6FZTC;New
342;B6GSDJ;New
343;B6JGNB;New
344;B6LMER;New
345;B6NLKU;New
346;B6NOXU;New
347;B6PINK;New
348;B6QUVT;New
349;B6SHOV;New
350;B6SNLA;New
351;B6TCTQ;New
352;B6UIAC;New
353;B6UKTT;New
354;B6WARR;New
355;B6WFWO;New
356;B6XORV;New
357;B6XQSU;New
358;B6YWUV;New
359;B6ZJSQ;New
360;B7DTLZ;New
361;B7EKGY;New
362;B7ERUV;New
363;B7FLSH;New
364;B7HIFS;New
365;B7IYOP;New
366;B7JMGH;New
367;B7JOIS;New
368;B7LCOW;New
369;B7NOZT;New
370;B7OYOG;New
371;B7PJPU;New
372;B7QOIH;New
373;B7SXVP;New
374;B7TOWT;New
375;B7TYSI;New
376;B7WBXR;New
377;B7WOKD;New
378;B8AHCT;New
379;B8APNV;New
380;B8BEPP;New
381;B8BHDQ;New
382;B8CMEP;New
383;B8DLFW;New
384;B8FKBU;New
385;B8KMER;New
386;B8LBCP;New
387;B8MBWY;New
388;B8MCLW;New
389;B8MGAL;New
390;B8MKMI;New
391;B8PFAS;New
392;B8ROUE;New
393;B8VDZW;New
394;B8WALT;New
395;B8ZAEW;New
396;B8ZYRC;New
397;B9CBWG;New
398;B9ENFW;New
399;B9HDZZ;New
400;B9HHKM;New
401;B9HVYI;New
402;B9JXAJ;New
403;B9MEOA;New
404;B9ORJF;New
405;B9PVTV;New
406;B9RFWT;New
407;B9SNQM;New
408;B9SNVG;New
409;B9SPPO;New
410;B9TDUG;New
411;B9TOFP;New
412;B9USKL;New
413;B9VPSF;New
414;B9ZHXA;New
415;C0APZE;New
416;C0BTES;New
417;C0DZNO;New
418;C0EGLE;New
419;C0EUPC;New
420;C0FGSU;New
421;C0HFSF;New
422;C0IQVU;New
423;C0ISPS;New
424;C0JMCK;New
425;C0JZZE;New
426;C0KWPT;New
427;C0LEDJ;New
428;C0LJRN;New
429;C0NRDJ;New
430;C0NTSD;New
431;C0PFWH;New
432;C0QDPK;New
433;C0SBJT;New
434;C0TTJZ;New
435;C0UOKN;New
436;C0UVLF;New
437;C0VGFT;New
438;C0WATX;New
439;C0YHJC;New
440;C0YPQS;New
441;C1BYGL;New
442;C1DETU;New
443;C1DVZM;New
444;C1FJBO;New
445;C1IAFS;New
446;C1JIVL;New
447;C1JRAK;New
448;C1LBIL;New
449;C1LDSV;New
450;C1LHOS;New
451;C1LIHF;New
452;C1MPCA;New
453;C1OCFD;New
454;C1OYSJ;New
455;C1SPPB;New
456;C1VJYO;New
457;C1WHAA;New
458;C1XULK;New
459;C1XWAN;New
460;C1YTXZ;New
461;C1YVHN;New
462;C1ZJBJ;New
463;C2ECNK;New
464;C2EGOI;New
465;C2ENVM;New
466;C2FQKX;New
467;C2IBZX;New
468;C2JXHM;New
469;C2MRWN;New
470;C2NEDG;New
471;C2NPVZ;New
472;C2SHZO;New
473;C2TUSM;New
474;C2UMBB;New
475;C2UWNO;New
476;C2VECK;New
477;C2VTWU;New
478;C2YGCV;New
479;C2YVQU;New
480;C2ZFIQ;New
481;C3EFOA;New
482;C3EJBE;New
483;C3ENZI;New
484;C3GLDT;New
485;C3HEHY;New
486;C3NSKV;New
487;C3QQSF;New
488;C3TTGE;New
489;C3WSFF;New
490;C3XBKT;New
491;C3XXSB;New
492;C3ZDZH;New
493;C4BTOT;New
494;C4CDLU;New
495;C4FBJC;New
496;C4IQDI;New
497;C4JFOY;New
498;C4JQSO;New
499;C4JTZM;New
500;C4OMKV;New
501;C4PAVY;New
502;C4SLRV;New
503;C4SUQC;New
504;C4TSCI;New
505;C4TZZZ;New
506;C4XGAS;New
507;C4YHOK;New
508;C4YNTB;New
509;C5BILQ;New
510;C5DLJL;New
511;C5DTDV;New
512;C5EGBH;New
513;C5FJEO;New
514;C5FYYX;New
515;C5GINQ;New
516;C5HCGA;New
517;C5KMUB;New
518;C5PIMQ;New
519;C5PTZS;New
520;C5PUYP;New
521;C5PXIT;New
522;C5QSHW;New
523;C5RVIG;New
524;C5SJBD;New
525;C5TAIV;New
526;C5TFIE;New
527;C5TVBT;New
528;C5UHUZ;New
529;C5UUMB;New
530;C5WEQI;New
531;C5WGOY;New
532;C5XBTJ;New
533;C5XUTC;New
534;C5ZYCL;New
535;C6AELO;New
536;C6ARRO;New
537;C6AWSB;New
538;C6AZYC;New
539;C6BTEJ;New
540;C6BXOC;New
541;C6CHKQ;New
542;C6CPWD;New
543;C6CPZG;New
544;C6EQIQ;New
545;C6NUGZ;New
546;C6PJEZ;New
547;C6POAW;New
548;C6PWMZ;New
549;C6QOKG;New
550;C6RYWC;New
551;C6SVNB;New
552;C6UIKL;New
553;C6VDZS;New
554;C6VHXV;New
555;C6XRXC;New
556;C7BDSP;New
557;C7ECDX;New
558;C7ETEF;New
559;C7HINB;New
560;C7JCJK;New
561;C7JOWK;New
562;C7MYOR;New
563;C7PGKQ;New
564;C7PGYW;New
565;C7QANC;New
566;C7TWPK;New
567;C7UQEV;New
568;C7UYUB;New
569;C7VLMU;New
570;C7XAJC;New
571;C7YHAA;New
572;C7ZHCJ;New
573;C8CPWP;New
574;C8DUCX;New
575;C8FEDN;New
576;C8JDPM;New
577;C8KRKW;New
578;C8KUPW;New
579;C8KVWB;New
580;C8MRIL;New
581;C8SQRJ;New
582;C8SWTP;New
583;C8TETZ;New
584;C8TSSV;New
585;C8WEZJ;New
586;C8XEVV;New
587;C9BSFA;New
588;C9DAPT;New
589;C9DIGU;New
590;C9EVEN;New
591;C9IHPM;New
592;C9JDQS;New
593;C9JIJG;New
594;C9JPYP;New
595;C9JQNK;New
596;C9KJLH;New
597;C9KJSY;New
598;C9MCLO;New
599;C9MPBF;New
600;C9MVIR;New
601;C9NBFV;New
602;C9SSMN;New
603;C9VVVZ;New
604;C9WDRD;New
605;C9WFKU;New
606;C9YBXC;New
607;C9YIKK;New
608;C9ZYBK;New
609;C9ZZZN;New
610;D0AIKH;New
611;D0BCRJ;New
612;D0DJHL;New
613;D0DNWG;New
614;D0FOMB;New
615;D0GWAR;New
616;D0HYUY;New
617;D0JUNT;New
618;D0MNAC;New
619;D0NUFD;New
620;D0OCBP;New
621;D0OCOZ;New
622;D0QRWL;New
623;D0TJIC;New
624;D0TKYP;New
625;D0UAEV;New
626;D0UPJT;New
627;D0XDEK;New
628;D0ZFHZ;New
629;D1AALH;New
630;D1AFOC;New
631;D1BKCM;New
632;D1DIHL;New
633;D1GVBG;New
634;D1HXMJ;New
635;D1KFRI;New
636;D1MODZ;New
637;D1NZNE;New
638;D1OOUF;New
639;D1PKIT;New
640;D1TREO;New
641;D1UDIE;New
642;D1UJNI;New
643;D1VASS;New
644;D1VQZO;New
645;D1WQVE;New
646;D1ZQMD;New
647;D2CXFP;New
648;D2DLGS;New
649;D2IMAL;New
650;D2INMQ;New
651;D2KGWE;New
652;D2KHPE;New
653;D2KUFG;New
654;D2LJVP;New
655;D2PPXG;New
656;D2PZBU;New
657;D2VFTA;New
658;D2VHCQ;New
659;D2VKTH;New
660;D2WJYT;New
661;D3CBUX;New
662;D3ETCI;New
663;D3GDNX;New
664;D3HGVZ;New
665;D3HOOA;New
666;D3HTCP;New
667;D3IIQW;New
668;D3IQRS;New
669;D3JDKY;New
670;D3KGUH;New
671;D3LGOC;New
672;D3LHDM;New
673;D3RPKF;New
674;D3SGBO;New
675;D3UQWZ;New
676;D3VUMB;New
677;D3XICO;New
678;D3YNSH;New
679;D3ZOPE;New
680;D4BFGV;New
681;D4CEFJ;New
682;D4ELNJ;New
683;D4FWNG;New
684;D4HFZF;New
685;D4HXHQ;New
686;D4IRVG;New
687;D4JUFG;New
688;D4JXGB;New
689;D4MUVK;New
690;D4PWDT;New
691;D4RUPL;New
692;D4SQPA;New
693;D4ZZIV;New
694;D5BONN;New
695;D5BSFT;New
696;D5CDCW;New
697;D5DTUX;New
698;D5EGCZ;New
699;D5FKFO;New
700;D5HDOG;New
701;D5IQGS;New
702;D5KUYK;New
703;D5LRUS;New
704;D5MFRQ;New
705;D5MVJU;New
706;D5OIAK;New
707;D5PTGB;New
708;D5RHNI;New
709;D5UXON;New
710;D5XVYU;New
711;D5XYYD;New
712;D5YZBX;New
713;D6BSGR;New
714;D6CVAG;New
715;D6HVUD;New
716;D6JZTM;New
717;D6KRRH;New
718;D6KWNZ;New
719;D6KYSJ;New
720;D6MIUI;New
721;D6PRWB;New
722;D6QSWC;New
723;D6RCQX;New
724;D6RILM;New
725;D6RUVT;New
726;D6ZCVC;New
727;D7FKJI;New
728;D7FNSP;New
729;D7FVSB;New
730;D7GUUJ;New
731;D7HLET;New
732;D7HNSS;New
733;D7IARV;New
734;D7IPLV;New
735;D7JZON;New
736;D7NEPR;New
737;D7PLQF;New
738;D7RJEY;New
739;D7SOXG;New
740;D7SZYO;New
741;D7TJYR;New
742;D7UKNJ;New
743;D7VBIA;New
744;D7VWSU;New
745;D7XMEH;New
746;D8AMDD;New
747;D8BQTS;New
748;D8CUQA;New
749;D8DCXT;New
750;D8GRFW;New
751;D8GTRX;New
752;D8GWAG;New
753;D8IAHG;New
754;D8JLJY;New
755;D8MLXK;New
756;D8MUOA;New
757;D8NMFL;New
758;D8PRKN;New
759;D8PTVQ;New
760;D8RKRV;New
761;D8SPFF;New
762;D8TDUG;New
763;D8TMQB;New
764;D8TUIZ;New
765;D8UHXU;New
766;D8ZWGU;New
767;D9BFPT;New
768;D9BUGX;New
769;D9DESC;New
770;D9DUZO;New
771;D9FGML;New
772;D9GMSI;New
773;D9GPLN;New
774;D9HFUH;New
775;D9IJNK;New
776;D9KOAV;New
777;D9KZJH;New
778;D9MDCV;New
779;D9MNGL;New
780;D9NLEV;New
781;D9NMQY;New
782;D9ORIQ;New
783;D9OZJR;New
784;D9PXHL;New
785;D9SDYC;New
786;D9UNOB;New
787;D9YLZK;New
788;E0BLTG;New
789;E0BWNP;New
790;E0DKFY;New
791;E0DVZD;New
792;E0EERO;New
793;E0EOZZ;New
794;E0EWGM;New
795;E0FSVM;New
796;E0GQSE;New
797;E0HZPG;New
798;E0IKVJ;New
799;E0JZZM;New
800;E0KFRO;New
801;E0LZZE;New
802;E0MCYN;New
803;E0NVZG;New
804;E0QDPF;New
805;E0QFRA;New
806;E0QUUZ;New
807;E0RGTL;New
808;E0ROMG;New
809;E0SPRI;New
810;E0SVUS;New
811;E0UQVJ;New
812;E0VFUI;New
813;E0YAXP;New
814;E0ZMGY;New
815;E1AAZM;New
816;E1AJXY;New
817;E1BGOI;New
818;E1HGBX;New
819;E1IDUQ;New
820;E1IFNZ;New
821;E1ILRE;New
822;E1IZAA;New
823;E1KVCA;New
824;E1LEDB;New
825;E1NVQU;New
826;E1QIAW;New
827;E1RBHQ;New
828;E1TEEI;New
829;E1TZSH;New
830;E1WDEM;New
831;E1YUVI;New
832;E1ZHGA;New
833;E1ZIPX;New
834;E2AXWT;New
835;E2BXPX;New
836;E2EPAA;New
837;E2EPPD;New
838;E2ESBH;New
839;E2HVIO;New
840;E2KTKV;New
841;E2MIVG;New
842;E2MRWM;New
843;E2MSJR;New
844;E2QJDA;New
845;E2QXKJ;New
846;E2RSOZ;New
847;E2TCHY;New
848;E2VLIN;New
849;E2WFHT;New
850;E2XEKS;New
851;E2XHKJ;New
852;E2ZCWX;New
853;E2ZQPE;New
854;E2ZTXZ;New
855;E2ZYCR;New
856;E3AICP;New
857;E3AILV;New
858;E3ANXC;New
859;E3AOND;New
860;E3ATRM;New
861;E3DFKJ;New
862;E3FGKN;New
863;E3GPBY;New
864;E3GTWO;New
865;E3HXCJ;New
866;E3JBXX;New
867;E3LKPS;New
868;E3MEBS;New
869;E3NASF;New
870;E3NJQH;New
871;E3PIMF;New
872;E3QFPD;New
873;E3QNUC;New
874;E3UHFG;New
875;E3XJFL;New
876;E3ZCWY;New
877;E4AGMZ;New
878;E4DGZP;New
879;E4DJWL;New
880;E4EDKC;New
881;E4EIJI;New
882;E4HCUU;New
883;E4HKKC;New
884;E4HWDT;New
885;E4IRZI;New
886;E4KAWG;New
887;E4KIVJ;New
888;E4LAHC;New
889;E4LXKV;New
890;E4NYXK;New
891;E4OMFA;New
892;E4PCMR;New
893;E4QEJT;New
894;E4QVQH;New
895;E4TOND;New
896;E4UEWD;New
897;E4XUZC;New
898;E4YCIS;New
899;E4ZNLX;New
900;E4ZPSH;New
901;E5AFTA;New
902;E5CWXZ;New
903;E5EDNQ;New
904;E5EJNA;New
905;E5FNEN;New
906;E5HEUA;New
907;E5HISU;New
908;E5LPPR;New
909;E5MHWE;New
910;E5MMGN;New
911;E5MWFR;New
912;E5PQXU;New
913;E5TPGS;New
914;E5UDIJ;New
915;E5UFTY;New
916;E5YJKJ;New
917;E6AFGV;New
918;E6BDFR;New
919;E6BZXF;New
920;E6ELLC;New
921;E6EOGY;New
922;E6EWCG;New
923;E6IWSI;New
924;E6KBDC;New
925;E6NBQL;New
926;E6OVOG;New
927;E6PNIK;New
928;E6UEGJ;New
929;E6VYCN;New
930;E6WCBX;New
931;E6WDKA;New
932;E6WQPX;New
933;E6XGQB;New
934;E6YBNQ;New
935;E6YCCQ;New
936;E6YESB;New
937;E6ZQGO;New
938;E6ZQLG;New
939;E6ZWWI;New
940;E6ZYLG;New
941;E7ARNF;New
942;E7BBEC;New
943;E7FCPO;New
944;E7FZXR;New
945;E7KOAF;New
946;E7KVHJ;New
947;E7LLTP;New
948;E7LOYY;New
949;E7LTHY;New
950;E7MCRV;New
951;E7MSJS;New
952;E7MVUH;New
953;E7NMWH;New
954;E7OVIR;New
955;E7RYQZ;New
956;E7SWNM;New
957;E7UJFH;New
958;E7VTQM;New
959;E7VVUA;New
960;E7WOFT;New
961;E7YVNN;New
962;E8ANGN;New
963;E8ANMO;New
964;E8BMIT;New
965;E8CAKB;New
966;E8CCOD;New
967;E8CJEK;New
968;E8DHAK;New
969;E8DRMS;New
970;E8FOFE;New
971;E8HHEO;New
972;E8IPZJ;New
973;E8JDEU;New
974;E8LCDS;New
975;E8NFXQ;New
976;E8NVJQ;New
977;E8OFXY;New
978;E8QEMX;New
979;E8QHRO;New
980;E8QYFC;New
981;E8RUXE;New
982;E8UTGO;New
983;E8VRUS;New
984;E8WEEQ;New
985;E8WLPW;New
986;E8YEUJ;New
987;E8YGMY;New
988;E9CCRP;New
989;E9GZDX;New
990;E9HLUC;New
991;E9KXFU;New
992;E9SRLW;New
993;E9TCGP;New
994;E9TSSX;New
995;E9VOPS;New
996;E9VWFO;New
997;E9WPXU;New
998;E9YUPP;New
999;F0AKAR;New
1000;F0BSHQ;New
1001;F0CFKY;New
1002;F0GAIN;New
1003;F0IQRK;New
1004;F0JCRP;New
1005;F0NASE;New
1006;F0NCYF;New
1007;F0PBSO;New
1008;F0RMBQ;New
1009;F0SBOO;New
1010;F1ATZY;New
1011;F1DAVU;New
1012;F1DUOS;New
1013;F1FLFO;New
1014;F1GTQV;New
1015;F1HOZR;New
1016;F1HSON;New
1017;F1HWZC;New
1018;F1IAEY;New
1019;F1JVAC;New
1020;F1KFKO;New
1021;F1OMOQ;New
1022;F1PAPX;New
1023;F1PJFU;New
1024;F1QDDX;New
1025;F1QFTF;New
1026;F1QKYG;New
1027;F1QXBA;New
1028;F1RVXY;New
1029;F1SZLQ;New
1030;F1TPZO;New
1031;F1VJKF;New
1032;F1VUJJ;New
1033;F1WGZF;New
1034;F1YRKL;New
1035;F2ALPI;New
1036;F2CHYB;New
1037;F2EHRX;New
1038;F2FBNB;New
1039;F2FOXR;New
1040;F2GDSP;New
1041;F2HWRQ;New
1042;F2KYVV;New
1043;F2MGEC;New
1044;F2MGSV;New
1045;F2NOKC;New
1046;F2NPGW;New
1047;F2PGDR;New
1048;F2PQZE;New
1049;F2SPLC;New
1050;F2VHTF;New
1051;F2XMPE;New
1052;F3ADVH;New
1053;F3ALVK;New
1054;F3BVKR;New
1055;F3CXDC;New
1056;F3DLFT;New
1057;F3FYIX;New
1058;F3GMIP;New
1059;F3HKUX;New
1060;F3JTRY;New
1061;F3JVWV;New
1062;F3LLBD;New
1063;F3OKUW;New
1064;F3OSEZ;New
1065;F3QBCI;New
1066;F3QXBY;New
1067;F3SNJJ;New
1068;F3TXFK;New
1069;F3XAIP;New
1070;F3XBZL;New
1071;F3ZOZV;New
1072;F4AHFB;New
1073;F4CQAN;New
1074;F4DJNM;New
1075;F4DKOY;New
1076;F4EAPR;New
1077;F4FQGL;New
1078;F4FURG;New
1079;F4GDGI;New
1080;F4IZOE;New
1081;F4LESA;New
1082;F4LQWY;New
1083;F4NJMR;New
1084;F4NYMY;New
1085;F4OWHF;New
1086;F4QDUA;New
1087;F4RRCK;New
1088;F4VDJT;New
1089;F4VJGU;New
1090;F4VKOB;New
1091;F4ZBMK;New
1092;F4ZTYS;New
1093;F5CFMI;New
1094;F5GILY;New
1095;F5HLVN;New
1096;F5IXGB;New
1097;F5JUZI;New
1098;F5KFFR;New
1099;F5MOBQ;New
1100;F5MUBE;New
1101;F5PTSX;New
1102;F5PYRR;New
1103;F5QSAZ;New
1104;F5SCAD;New
1105;F5SGEA;New
1106;F5TQQK;New
1107;F5ULPK;New
1108;F5UWPP;New
1109;F5VDNB;New
1110;F5VRPC;New
1111;F5VUER;New
1112;F5XBNP;New
1113;F5YRRZ;New
1114;F5YZTO;New
1115;F6BSKT;New
1116;F6EHYL;New
1117;F6ERAI;New
1118;F6ETVG;New
1119;F6FWFJ;New
1120;F6GPNR;New
1121;F6HNCR;New
1122;F6HYYE;New
1123;F6IHXD;New
1124;F6LOIT;New
1125;F6LPQX;New
1126;F6MQBQ;New
1127;F6MXEX;New
1128;F6PQYD;New
1129;F6QQUC;New
1130;F6RIRO;New
1131;F6SHCY;New
1132;F6SHFC;New
1133;F6VLES;New
1134;F6ZYND;New
1135;F7BWHF;New
1136;F7CMJZ;New
1137;F7DYQJ;New
1138;F7EBAX;New
1139;F7GZBX;New
1140;F7IBTF;New
1141;F7IKEZ;New
1142;F7JFAV;New
1143;F7JSRN;New
1144;F7LNDS;New
1145;F7NQBD;New
1146;F7QDTO;New
1147;F7SFNU;New
1148;F7SJGX;New
1149;F7SPSU;New
1150;F7TSVR;New
1151;F7UIKD;New
1152;F7UKBI;New
1153;F7VERX;New
1154;F7VXRZ;New
1155;F7XUVC;New
1156;F7XYXP;New
1157;F7ZRRI;New
1158;F8AALA;New
1159;F8ARCT;New
1160;F8CHGJ;New
1161;F8FUZY;New
1162;F8HSDX;New
1163;F8HTAA;New
1164;F8IWLQ;New
1165;F8JBGY;New
1166;F8JELX;New
1167;F8JIZC;New
1168;F8KCKC;New
1169;F8NEYQ;New
1170;F8PZDM;New
1171;F8SCQV;New
1172;F8SMZF;New
1173;F8TIFM;New
1174;F8VWLQ;New
1175;F8XDVW;New
1176;F8XTVZ;New
1177;F8YENQ;New
1178;F9AVFM;New
1179;F9AVKU;New
1180;F9BQEL;New
1181;F9CAWH;New
1182;F9HCDS;New
1183;F9HVXD;New
1184;F9ICES;New
1185;F9JWST;New
1186;F9KTOJ;New
1187;F9NFLA;New
1188;F9OUZF;New
1189;F9PWMC;New
1190;F9SBEJ;New
1191;F9UXYF;New
1192;F9YUIS;New
1193;G0ADPS;New
1194;G0AHQX;New
1195;G0AOTY;New
1196;G0CBOP;New
1197;G0CRPT;New
1198;G0DBMA;New
1199;G0DHJS;New
1200;G0DTQJ;New
1201;G0GBOL;New
1202;G0HSPN;New
1203;G0NGTR;New
1204;G0NMVX;New
1205;G0PSAG;New
1206;G0QLNZ;New
1207;G0ROXL;New
1208;G0TVGP;New
1209;G0UWQR;New
1210;G0VHDT;New
1211;G0WGLV;New
1212;G0YUAV;New
1213;G0ZIWS;New
1214;G0ZJOD;New
1215;G1APMZ;New
1216;G1CVAJ;New
1217;G1FPQT;New
1218;G1FQBN;New
1219;G1FXNN;New
1220;G1GJEW;New
1221;G1IAVZ;New
1222;G1IZIB;New
1223;G1SLOV;New
1224;G1TXWN;New
1225;G1VLXN;New
1226;G1YLXY;New
1227;G1ZDHN;New
1228;G2AGUG;New
1229;G2AWSK;New
1230;G2AYAC;New
1231;G2DFUM;New
1232;G2DFXL;New
1233;G2FPLQ;New
1234;G2GNAS;New
1235;G2HGEZ;New
1236;G2ISTT;New
1237;G2PUTF;New
1238;G2QQZQ;New
1239;G2RZXT;New
1240;G2TNJK;New
1241;G2VECH;New
1242;G2VILS;New
1243;G2XHNH;New
1244;G3AREQ;New
1245;G3BSIG;New
1246;G3EIWN;New
1247;G3EVAD;New
1248;G3FVAQ;New
1249;G3GETJ;New
1250;G3HCQT;New
1251;G3JGLH;New
1252;G3JRUL;New
1253;G3KLVG;New
1254;G3LIOL;New
1255;G3NNBF;New
1256;G3NQGJ;New
1257;G3PBKM;New
1258;G3TEUP;New
1259;G3WBPO;New
1260;G3WKYB;New
1261;G3YHCV;New
1262;G3ZBUY;New
1263;G3ZFKX;New
1264;G4AGAN;New
1265;G4BKRW;New
1266;G4BODJ;New
1267;G4CIBS;New
1268;G4CSAX;New
1269;G4DJRL;New
1270;G4DVAD;New
1271;G4GFMP;New
1272;G4IHVQ;New
1273;G4JLLJ;New
1274;G4NIQZ;New
1275;G4OTKJ;New
1276;G4REDQ;New
1277;G4SHLR;New
1278;G4SSDM;New
1279;G4SSVH;New
1280;G4SVUW;New
1281;G4WNDY;New
1282;G4XJYC;New
1283;G4YIKL;New
1284;G5AHFQ;New
1285;G5BXBO;New
1286;G5CTIC;New
1287;G5EAJO;New
1288;G5ESWI;New
1289;G5FKPJ;New
1290;G5GYQW;New
1291;G5HJDT;New
1292;G5HMXF;New
1293;G5HNOQ;New
1294;G5KFYI;New
1295;G5KGZC;New
1296;G5LNTG;New
1297;G5LTUZ;New
1298;G5SYZY;New
1299;G5TKMB;New
1300;G5TOAI;New
1301;G5UCJP;New
1302;G5XKWL;New
1303;G5ZRFR;New
1304;G6ABDI;New
1305;G6BYBU;New
1306;G6CJFE;New
1307;G6EIWQ;New
1308;G6FKON;New
1309;G6FLBD;New
1310;G6GRAF;New
1311;G6HTQA;New
1312;G6IGDS;New
1313;G6JWGC;New
1314;G6KIGZ;New
1315;G6LWMC;New
1316;G6MDQT;New
1317;G6MMBZ;New
1318;G6ONAR;New
1319;G6OTEX;New
1320;G6USRD;New
1321;G6VYRO;New
1322;G6XKUH;New
1323;G6YGSN;New
1324;G6YLXX;New
1325;G6YSZU;New
1326;G6ZPBU;New
1327;G7DRAQ;New
1328;G7FJEQ;New
1329;G7FQRW;New
1330;G7GJEL;New
1331;G7HSBW;New
1332;G7HXBA;New
1333;G7IGVE;New
1334;G7IWJI;New
1335;G7JMSS;New
1336;G7KHCR;New
1337;G7KZLJ;New
1338;G7LNKH;New
1339;G7LVWT;New
1340;G7MBMO;New
1341;G7MSEF;New
1342;G7MTSX;New
1343;G7NPDB;New
1344;G7UDWG;New
1345;G7VCSB;New
1346;G7VKDK;New
1347;G7WHOS;New
1348;G7XOYY;New
1349;G8AHBN;New
1350;G8CDRJ;New
1351;G8DHQC;New
1352;G8EVIK;New
1353;G8FBYN;New
1354;G8GZQV;New
1355;G8JBOE;New
1356;G8JZJH;New
1357;G8LPIB;New
1358;G8MRCV;New
1359;G8NGAR;New
1360;G8OIBS;New
1361;G8RIEU;New
1362;G8UBYF;New
1363;G8UWRA;New
1364;G8ZKSS;New
1365;G8ZKZN;New
1366;G9BFZG;New
1367;G9BHEV;New
1368;G9CBND;New
1369;G9DHBH;New
1370;G9EUWP;New
1371;G9GGDK;New
1372;G9HOYJ;New
1373;G9LDSI;New
1374;G9MNKD;New
1375;G9OYGP;New
1376;G9PXGF;New
1377;G9PZQL;New
1378;G9TTYU;New
1379;G9UMMC;New
1380;G9UULS;New
1381;G9XEMF;New
1382;G9ZNMI;New
1383;H0BZLI;New
1384;H0CSPU;New
1385;H0EGGM;New
1386;H0FUCB;New
1387;H0FYMU;New
1388;H0GIRI;New
1389;H0HFSX;New
1390;H0HGVD;New
1391;H0HQCG;New
1392;H0HXKP;New
1393;H0NDHM;New
1394;H0NVSI;New
1395;H0NZQR;New
1396;H0OCUA;New
1397;H0OGGE;New
1398;H0QCGN;New
1399;H0QQPY;New
1400;H0STTR;New
1401;H0TJWH;New
1402;H0TLVI;New
1403;H0VKSR;New
1404;H0WMLV;New
1405;H0XCAT;New
1406;H0XPTL;New
1407;H0XYZN;New
1408;H0ZCLS;New
1409;H1CPRL;New
1410;H1DRHR;New
1411;H1EMDW;New
1412;H1EVZV;New
1413;H1FFSZ;New
1414;H1GFYY;New
1415;H1IGNS;New
1416;H1KDQJ;New
1417;H1MAWQ;New
1418;H1NITT;New
1419;H1OKHL;New
1420;H1RAGD;New
1421;H1TFRQ;New
1422;H1UEFX;New
1423;H1VCPX;New
1424;H1XSLI;New
1425;H1YEYT;New
1426;H1YLOZ;New
1427;H2BELG;New
1428;H2CLVC;New
1429;H2DJYG;New
1430;H2EEFM;New
1431;H2EKMP;New
1432;H2HEWA;New
1433;H2KKUT;New
1434;H2KSEP;New
1435;H2NKUU;New
1436;H2RBMR;New
1437;H2RCUL;New
1438;H2RTES;New
1439;H2TCIC;New
1440;H2VGQO;New
1441;H2XJSU;New
1442;H2XQZD;New
1443;H2YGSI;New
1444;H3ATSY;New
1445;H3BQJG;New
1446;H3CLZM;New
1447;H3CNAM;New
1448;H3FSRQ;New
1449;H3HNUU;New
1450;H3IFSY;New
1451;H3JVNK;New
1452;H3MIUD;New
1453;H3MUFT;New
1454;H3QKSG;New
1455;H3SUGM;New
1456;H3VOJO;New
1457;H3XYPT;New
1458;H3XZTY;New
1459;H3YCXO;New
1460;H4AMBB;New
1461;H4BCEC;New
1462;H4BTWW;New
1463;H4EAOB;New
1464;H4JIUP;New
1465;H4JPNA;New
1466;H4LAMP;New
1467;H4MGPI;New
1468;H4SBAL;New
1469;H4TFAZ;New
1470;H4TSWP;New
1471;H4TUJK;New
1472;H4TVQE;New
1473;H4UUVF;New
1474;H4VNII;New
1475;H4WLRK;New
1476;H4XTSS;New
1477;H4XYOO;New
1478;H4YIAC;New
1479;H5EFUY;New
1480;H5EGXL;New
1481;H5ENCF;New
1482;H5FEAA;New
1483;H5FIAK;New
1484;H5FUDE;New
1485;H5FXTS;New
1486;H5HLOB;New
1487;H5IPML;New
1488;H5ISKU;New
1489;H5KBYW;New
1490;H5KQQE;New
1491;H5KTGH;New
1492;H5LYKQ;New
1493;H5MPHE;New
1494;H5MPXR;New
1495;H5NMNQ;New
1496;H5PGFE;New
1497;H5PYGD;New
1498;H5QFHQ;New
1499;H5RJOX;New
1500;H5SNCH;New
1501;H5UADW;New
1502;H5UTWA;New
1503;H5VTUO;New
1504;H5VZSF;New
1505;H5WWJC;New
1506;H5XKHZ;New
1507;H5XWGD;New
1508;H5YZVD;New
1509;H6BJQE;New
1510;H6CTCN;New
1511;H6EARB;New
1512;H6IAMA;New
1513;H6IFZK;New
1514;H6ISZK;New
1515;H6LHPB;New
1516;H6NFKH;New
1517;H6NJRZ;New
1518;H6NZZT;New
1519;H6VOOV;New
1520;H6VRUY;New
1521;H6XIJS;New
1522;H6YTQU;New
1523;H7AXCB;New
1524;H7BKBI;New
1525;H7BKLM;New
1526;H7BNVN;New
1527;H7DBCO;New
1528;H7DUDH;New
1529;H7DWJP;New
1530;H7EFCV;New
1531;H7FMND;New
1532;H7GDYN;New
1533;H7GUDO;New
1534;H7HWZJ;New
1535;H7LACN;New
1536;H7LTIX;New
1537;H7MONI;New
1538;H7MUGD;New
1539;H7NJVC;New
1540;H7RHJG;New
1541;H7RSGZ;New
1542;H7SFNE;New
1543;H7SOLX;New
1544;H7TWFX;New
1545;H7UGWH;New
1546;H7VTYG;New
1547;H7XCAI;New
1548;H7XFYG;New
1549;H7ZSGV;New
1550;H8AKXO;New
1551;H8ALAS;New
1552;H8BVUB;New
1553;H8BVVB;New
1554;H8BXBS;New
1555;H8EXWZ;New
1556;H8IETF;New
1557;H8IHEI;New
1558;H8JISX;New
1559;H8LJAC;New
1560;H8LYYP;New
1561;H8NNGY;New
1562;H8NXBF;New
1563;H8QBBK;New
1564;H8SHUE;New
1565;H8UJAZ;New
1566;H8VHWY;New
1567;H8WTJX;New
1568;H8YUBK;New
1569;H8ZESZ;New
1570;H8ZGRY;New
1571;H9ADAW;New
1572;H9ADLT;New
1573;H9AHEW;New
1574;H9DDUC;New
1575;H9DMAV;New
1576;H9EHJG;New
1577;H9GGQV;New
1578;H9GLFM;New
1579;H9KJTU;New
1580;H9LPXS;New
1581;H9MBCN;New
1582;H9MPKX;New
1583;H9NKVJ;New
1584;H9PBLR;New
1585;H9QXQX;New
1586;H9RYMT;New
1587;H9RYPQ;New
1588;H9SQVR;New
1589;H9TIXN;New
1590;H9YYAI;New
1591;I0AHHU;New
1592;I0DQFG;New
1593;I0FJKQ;New
1594;I0GNHX;New
1595;I0JQOM;New
1596;I0JZFJ;New
1597;I0LKGK;New
1598;I0MJWR;New
1599;I0MUOF;New
1600;I0QFVQ;New
1601;I0QRWB;New
1602;I0RAEH;New
1603;I0SBCZ;New
1604;I0TBCE;New
1605;I0TMNF;New
1606;I0ZCMC;New
1607;I1AKHK;New
1608;I1AXKB;New
1609;I1CZRQ;New
1610;I1DKXX;New
1611;I1FOPQ;New
1612;I1HNPG;New
1613;I1HTXI;New
1614;I1HVVX;New
1615;I1HZPL;New
1616;I1KYEZ;New
1617;I1LAVD;New
1618;I1LCRI;New
1619;I1LVPU;New
1620;I1MHOD;New
1621;I1MHTZ;New
1622;I1MOCA;New
1623;I1MWNU;New
1624;I1PPEA;New
1625;I1PWFP;New
1626;I1PZUY;New
1627;I1QEEE;New
1628;I1SZRA;New
1629;I1TNWY;New
1630;I1VQTA;New
1631;I1WOZY;New
1632;I1XZLM;New
1633;I2BYCR;New
1634;I2CUSW;New
1635;I2ELZP;New
1636;I2GGFO;New
1637;I2HMIT;New
1638;I2HQXZ;New
1639;I2KMUR;New
1640;I2LXWP;New
1641;I2NHCF;New
1642;I2NKEC;New
1643;I2ORXP;New
1644;I2QKCA;New
1645;I2QQWS;New
1646;I2RTVT;New
1647;I2SCQB;New
1648;I2UYKA;New
1649;I2VKOV;New
1650;I2XCJC;New
1651;I2XNSN;New
1652;I3ATVU;New
1653;I3EGFL;New
1654;I3ETLU;New
1655;I3EYJQ;New
1656;I3GLFD;New
1657;I3GOVI;New
1658;I3HFQQ;New
1659;I3JDOL;New
1660;I3KGMH;New
1661;I3KMZN;New
1662;I3LZYM;New
1663;I3NBTT;New
1664;I3PIKH;New
1665;I3PSNJ;New
1666;I3RKSO;New
1667;I3RYLJ;New
1668;I3SAGX;New
1669;I3SSQI;New
1670;I3THCG;New
1671;I3UHXJ;New
1672;I3UUWH;New
1673;I3WRYQ;New
1674;I3XFTT;New
1675;I3ZRSU;New
1676;I4AJGW;New
1677;I4BAMR;New
1678;I4BYPB;New
1679;I4DMAF;New
1680;I4DNQR;New
1681;I4DUKE;New
1682;I4EUVJ;New
1683;I4FFIJ;New
1684;I4GEUX;New
1685;I4HQVP;New
1686;I4HWIA;New
1687;I4JIHQ;New
1688;I4KXVO;New
1689;I4LEFB;New
1690;I4LVFC;New
1691;I4QECL;New
1692;I4RIEN;New
1693;I4RWEQ;New
1694;I4SOTZ;New
1695;I4TZMB;New
1696;I4UASC;New
1697;I4VLHG;New
1698;I5ACBB;New
1699;I5BPMA;New
1700;I5CMQD;New
1701;I5EKGT;New
1702;I5GHEN;New
1703;I5IFZN;New
1704;I5JRIP;New
1705;I5KMMQ;New
1706;I5KYXH;New
1707;I5MQQF;New
1708;I5RWKO;New
1709;I5TPJX;New
1710;I5VWMF;New
1711;I5XKDP;New
1712;I5XYAN;New
1713;I6GJYA;New
1714;I6MERU;New
1715;I6NLSW;New
1716;I6OEUZ;New
1717;I6SAWE;New
1718;I6SCDU;New
1719;I6TNFH;New
1720;I6UFXB;New
1721;I6VRXF;New
1722;I6WGFW;New
1723;I6WYVL;New
1724;I7AQSR;New
1725;I7DQVH;New
1726;I7DVHF;New
1727;I7GAAE;New
1728;I7GAQA;New
1729;I7JOSY;New
1730;I7KNGJ;New
1731;I7KTGR;New
1732;I7LAXF;New
1733;I7LWDM;New
1734;I7MOHB;New
1735;I7MSAM;New
1736;I7NQAN;New
1737;I7OVUE;New
1738;I7POWU;New
1739;I7PTNO;New
1740;I7SADU;New
1741;I7SFBB;New
1742;I7STFR;New
1743;I7UHXP;New
1744;I7UPII;New
1745;I7VEBY;New
1746;I7WGAU;New
1747;I7WJJQ;New
1748;I7XPOD;New
1749;I7YVOS;New
1750;I7YYEV;New
1751;I7YZEM;New
1752;I8AYKB;New
1753;I8BXYR;New
1754;I8CJBX;New
1755;I8CQJH;New
1756;I8FDSP;New
1757;I8FPIL;New
1758;I8GGFM;New
1759;I8GMPA;New
1760;I8IHLV;New
1761;I8JJBP;New
1762;I8LHKQ;New
1763;I8LQMC;New
1764;I8NNNL;New
1765;I8NQEK;New
1766;I8NXCR;New
1767;I8OESH;New
1768;I8OMLY;New
1769;I8QONC;New
1770;I8RHGV;New
1771;I8TLEK;New
1772;I8WNVJ;New
1773;I8WOFR;New
1774;I8XROX;New
1775;I8YFMI;New
1776;I9AUEZ;New
1777;I9EHDM;New
1778;I9FTQU;New
1779;I9FVON;New
1780;I9GKDO;New
1781;I9IJJC;New
1782;I9KUGS;New
1783;I9MKIN;New
1784;I9MLHR;New
1785;I9NRBS;New
1786;I9PQOC;New
1787;I9SKLI;New
1788;I9WBPH;New
1789;I9WFYY;New
1790;I9WQWI;New
1791;I9WVMB;New
1792;I9ZGPL;New
1793;J0ALZG;New
1794;J0CMDC;New
1795;J0CMEV;New
1796;J0ECEE;New
1797;J0FXJU;New
1798;J0IBZY;New
1799;J0IOLC;New
1800;J0ITOO;New
1801;J0IXSF;New
1802;J0LSWR;New
1803;J0NQTY;New
1804;J0NTOV;New
1805;J0OFIS;New
1806;J0SVSA;New
1807;J0ULKL;New
1808;J0UPEJ;New
1809;J0URBL;New
1810;J0XFLC;New
1811;J1AIBI;New
1812;J1CTBY;New
1813;J1EQNZ;New
1814;J1FDQF;New
1815;J1FGVY;New
1816;J1HDQP;New
1817;J1HVOH;New
1818;J1IGPE;New
1819;J1NNSU;New
1820;J1NQAK;New
1821;J1PXQV;New
1822;J1TWTL;New
1823;J1UYRQ;New
1824;J1VOML;New
1825;J1VSWN;New
1826;J1XJXN;New
1827;J1YBOL;New
1828;J1ZWPT;New
1829;J2AEIT;New
1830;J2AMTN;New
1831;J2ARMA;New
1832;J2BPGX;New
1833;J2COEL;New
1834;J2CORO;New
1835;J2DKXX;New
1836;J2FPOB;New
1837;J2HTSA;New
1838;J2JKTL;New
1839;J2JPSE;New
1840;J2NBYI;New
1841;J2OPGJ;New
1842;J2QKJX;New
1843;J2RPJE;New
1844;J2TWUT;New
1845;J2UCVH;New
1846;J2VNMT;New
1847;J2YHKC;New
1848;J2ZXQA;New
1849;J3ADMX;New
1850;J3EPCG;New
1851;J3FYXE;New
1852;J3GZMF;New
1853;J3HABL;New
1854;J3IXJW;New
1855;J3JQZX;New
1856;J3JZKN;New
1857;J3MKTK;New
1858;J3OOQD;New
1859;J3QFWG;New
1860;J3SYFM;New
1861;J3VEUV;New
1862;J3WXDE;New
1863;J3XKVC;New
1864;J3XWDB;New
1865;J3YJLE;New
1866;J4BKFZ;New
1867;J4BSFU;New
1868;J4CHSK;New
1869;J4CNHL;New
1870;J4DGBR;New
1871;J4EGTE;New
1872;J4FTTS;New
1873;J4HHER;New
1874;J4JAJA;New
1875;J4NPVO;New
1876;J4NQGQ;New
1877;J4QUYU;New
1878;J4QYLA;New
1879;J4QYWW;New
1880;J4UILO;New
1881;J4VLTB;New
1882;J4VSPB;New
1883;J4WVWU;New
1884;J4XCSX;New
1885;J4ZQGW;New
1886;J5AQHM;New
1887;J5CQZL;New
1888;J5DKWP;New
1889;J5ELEE;New
1890;J5EZKZ;New
1891;J5GYMI;New
1892;J5HFCH;New
1893;J5IGNH;New
1894;J5ISVW;New
1895;J5JILG;New
1896;J5JWES;New
1897;J5KWEP;New
1898;J5LPHY;New
1899;J5NJGV;New
1900;J5OBUB;New
1901;J5OIOK;New
1902;J5QNSS;New
1903;J5RNYQ;New
1904;J5WGZN;New
1905;J5WQNY;New
1906;J5ZLVF;New
1907;J6BCAC;New
1908;J6ECKK;New
1909;J6EKKK;New
1910;J6FYEH;New
1911;J6IFWF;New
1912;J6INKP;New
1913;J6JRKC;New
1914;J6LBGU;New
1915;J6LLEI;New
1916;J6MQJR;New
1917;J6OXCQ;New
1918;J6PVXX;New
1919;J6PZUX;New
1920;J6REYJ;New
1921;J6RFTZ;New
1922;J6SZWQ;New
1923;J6VAOS;New
1924;J6VWTP;New
1925;J6XVCS;New
1926;J6YBCI;New
1927;J6YUPC;New
1928;J6YWUW;New
1929;J6ZFLF;New
1930;J7ATOD;New
1931;J7AYAG;New
1932;J7CHTW;New
1933;J7DKYW;New
1934;J7DYKY;New
1935;J7EFLM;New
1936;J7HCYV;New
1937;J7IAVE;New
1938;J7IBVR;New
1939;J7JWWU;New
1940;J7LJWU;New
1941;J7LXQO;New
1942;J7MIRM;New
1943;J7MTGE;New
1944;J7NDDZ;New
1945;J7PQWN;New
1946;J7SDWU;New
1947;J7WCYM;New
1948;J7YNJT;New
1949;J8ACGP;New
1950;J8BBSI;New
1951;J8BVKT;New
1952;J8CWIB;New
1953;J8DGJB;New
1954;J8DZUB;New
1955;J8EPMA;New
1956;J8FBST;New
1957;J8FVGG;New
1958;J8FWQS;New
1959;J8FYLC;New
1960;J8GXXE;New
1961;J8JMLI;New
1962;J8JOQW;New
1963;J8MUZY;New
1964;J8PWCO;New
1965;J8RLVN;New
1966;J8SGLZ;New
1967;J8SMXL;New
1968;J8VINA;New
1969;J9ARER;New
1970;J9BBVF;New
1971;J9CFRZ;New
1972;J9CHXF;New
1973;J9DNOR;New
1974;J9DPXK;New
1975;J9GITC;New
1976;J9IOHG;New
1977;J9MMPS;New
1978;J9NIXJ;New
1979;J9PKPC;New
1980;J9QLNV;New
1981;J9VTDG;New
1982;J9YQNA;New
1983;K0CGOV;New
1984;K0CWTF;New
1985;K0DYEM;New
1986;K0FFFA;New
1987;K0FUDY;New
1988;K0HHQK;New
1989;K0IEFP;New
1990;K0LZGQ;New
1991;K0MWRQ;New
1992;K0PGUR;New
1993;K0SWJO;New
1994;K0SYHS;New
1995;K0VOBI;New
1996;K0VRDF;New
1997;K0WGWH;New
1998;K0YINB;New
1999;K1ALSN;New
2000;K1ATKT;New
2001;K1AVJQ;New
2002;K1BIYK;New
2003;K1CVOU;New
2004;K1DXRN;New
2005;K1EBWU;New
2006;K1HZBA;New
2007;K1JSDD;New
2008;K1KJDW;New
2009;K1KTUT;New
2010;K1NQDL;New
2011;K1OKJY;New
2012;K1POLN;New
2013;K1QXVY;New
2014;K1RMAJ;New
2015;K1SFYJ;New
2016;K1WJGX;New
2017;K1ZYMC;New
2018;K2AXSZ;New
2019;K2BGQT;New
2020;K2BNHU;New
2021;K2EAZV;New
2022;K2EEKP;New
2023;K2FJTO;New
2024;K2FXET;New
2025;K2FXOM;New
2026;K2HXYI;New
2027;K2IEJU;New
2028;K2IFCS;New
2029;K2MHJR;New
2030;K2SJXY;New
2031;K2TMZN;New
2032;K2TNSO;New
2033;K2TUIX;New
2034;K2TYAI;New
2035;K2UICD;New
2036;K2UMFI;New
2037;K2UMVN;New
2038;K2WZFN;New
2039;K2XEXS;New
2040;K2XOCE;New
2041;K2YFMS;New
2042;K2YWIE;New
2043;K2ZCSL;New
2044;K3BHRK;New
2045;K3EKHO;New
2046;K3HUOQ;New
2047;K3JETB;New
2048;K3KFAP;New
2049;K3LCBI;New
2050;K3LFIK;New
2051;K3LZYN;New
2052;K3MKAT;New
2053;K3NLRV;New
2054;K3OQQE;New
2055;K3OZDE;New
2056;K3QGMP;New
2057;K3RRTX;New
2058;K3RVMU;New
2059;K3UXNG;New
2060;K3VCUF;New
2061;K3VQBX;New
2062;K3XFIB;New
2063;K4CMGM;New
2064;K4EHWU;New
2065;K4EPAO;New
2066;K4GLFK;New
2067;K4GOTM;New
2068;K4GYBG;New
2069;K4HSPE;New
2070;K4IRYD;New
2071;K4JSWI;New
2072;K4JUYF;New
2073;K4LGVC;New
2074;K4MNGQ;New
2075;K4MRIM;New
2076;K4NFIR;New
2077;K4NFWR;New
2078;K4NXDZ;New
2079;K4PAFB;New
2080;K4QDHC;New
2081;K4QDSI;New
2082;K4TNXA;New
2083;K4TVMR;New
2084;K4VHUR;New
2085;K4VJZG;New
2086;K4WDSC;New
2087;K4XDLL;New
2088;K4YCZD;New
2089;K4YXAG;New
2090;K5BOXE;New
2091;K5CNAH;New
2092;K5ENKR;New
2093;K5FMNG;New
2094;K5JOHZ;New
2095;K5KAKE;New
2096;K5LIBQ;New
2097;K5LRTM;New
2098;K5MDLN;New
2099;K5MHIW;New
2100;K5NEBX;New
2101;K5PYGC;New
2102;K5SVYD;New
2103;K5UDTV;New
2104;K5ULCA;New
2105;K5VCHZ;New
2106;K5WSAX;New
2107;K5WUBF;New
2108;K5YFME;New
2109;K5ZINY;New
2110;K5ZOON;New
2111;K6CYAF;New
2112;K6DJZR;New
2113;K6EPUM;New
2114;K6FTWD;New
2115;K6GQYA;New
2116;K6HPIZ;New
2117;K6IIBV;New
2118;K6IQRV;New
2119;K6JJHX;New
2120;K6KYLK;New
2121;K6LUZZ;New
2122;K6MXQT;New
2123;K6PDIR;New
2124;K6PSLB;New
2125;K6QKUE;New
2126;K6QQGW;New
2127;K6RNQU;New
2128;K6SGYX;New
2129;K6SRLM;New
2130;K6UFTV;New
2131;K6VAIK;New
2132;K6VPQB;New
2133;K6XCZI;New
2134;K6XOIJ;New
2135;K6XVUQ;New
2136;K7BENZ;New
2137;K7CYIM;New
2138;K7EOMQ;New
2139;K7EZLT;New
2140;K7GAWO;New
2141;K7GDAL;New
2142;K7GDLB;New
2143;K7ISUO;New
2144;K7KJCQ;New
2145;K7LSMG;New
2146;K7NWHB;New
2147;K7OFKZ;New
2148;K7OQJN;New
2149;K7RHUC;New
2150;K7UPUN;New
2151;K7XVUZ;New
2152;K7ZPFR;New
2153;K8BSYE;New
2154;K8EFGU;New
2155;K8GWBA;New
2156;K8IUHO;New
2157;K8LAIG;New
2158;K8LQOX;New
2159;K8MNAW;New
2160;K8NNKB;New
2161;K8PEDH;New
2162;K8PHQI;New
2163;K8QZLW;New
2164;K8RIWJ;New
2165;K8SBGP;New
2166;K8SGOM;New
2167;K8UJMZ;New
2168;K8WFXA;New
2169;K8ZQII;New
2170;K9CXGQ;New
2171;K9DCEZ;New
2172;K9GSLE;New
2173;K9HZZI;New
2174;K9IBZO;New
2175;K9KTIY;New
2176;K9PRSO;New
2177;K9RELN;New
2178;K9SJQZ;New
2179;K9SUFN;New
2180;K9TDNU;New
2181;K9VQRE;New
2182;K9XTZW;New
2183;K9ZHZD;New
2184;L0CRQW;New
2185;L0CUFU;New
2186;L0DPYV;New
2187;L0EYRM;New
2188;L0HPZP;New
2189;L0HYAQ;New
2190;L0IQSR;New
2191;L0JLDI;New
2192;L0PJEU;New
2193;L0PSON;New
2194;L0SIQS;New
2195;L0SNBO;New
2196;L0UMYI;New
2197;L0VDVZ;New
2198;L0XLYO;New
2199;L0ZBAQ;New
2200;L1ACMQ;New
2201;L1BTLU;New
2202;L1CNUA;New
2203;L1EJVP;New
2204;L1GRLT;New
2205;L1HFGF;New
2206;L1IBDH;New
2207;L1JYIQ;New
2208;L1KTEQ;New
2209;L1LSYW;New
2210;L1MWYM;New
2211;L1NDGE;New
2212;L1ODXH;New
2213;L1PKSC;New
2214;L1PSWP;New
2215;L1QQKC;New
2216;L1YGOC;New
2217;L1YSXF;New
2218;L2AWHS;New
2219;L2CPFW;New
2220;L2CQVC;New
2221;L2DBRV;New
2222;L2DEHO;New
2223;L2EKBD;New
2224;L2GQDP;New
2225;L2LNDX;New
2226;L2MHLT;New
2227;L2MXRI;New
2228;L2OCVA;New
2229;L2SAFV;New
2230;L2XWRZ;New
2231;L3DBMN;New
2232;L3DJXG;New
2233;L3ECPM;New
2234;L3ETSX;New
2235;L3FVXN;New
2236;L3GIVW;New
2237;L3GXJC;New
2238;L3HRHW;New
2239;L3HTHO;New
2240;L3IMCT;New
2241;L3KXFE;New
2242;L3MHTW;New
2243;L3NGSS;New
2244;L3NTGP;New
2245;L3NVED;New
2246;L3PFIW;New
2247;L3PQGU;New
2248;L3QNGQ;New
2249;L3STVV;New
2250;L3VUNB;New
2251;L3WHYJ;New
2252;L4GIOP;New
2253;L4GSFT;New
2254;L4MCCL;New
2255;L4NDAP;New
2256;L4OPWR;New
2257;L4RIMI;New
2258;L4VRCN;New
2259;L5ALJB;New
2260;L5EVVR;New
2261;L5FVVR;New
2262;L5FYLU;New
2263;L5IMYH;New
2264;L5JATO;New
2265;L5JGIN;New
2266;L5LLTQ;New
2267;L5NSRK;New
2268;L5NWSC;New
2269;L5NXSN;New
2270;L5PMAH;New
2271;L5QFSY;New
2272;L5SFXB;New
2273;L5UBST;New
2274;L5UXCS;New
2275;L5VDOC;New
2276;L5WCJD;New
2277;L5WVKW;New
2278;L5XBBZ;New
2279;L6AAJU;New
2280;L6AGXU;New
2281;L6BBGH;New
2282;L6EEJY;New
2283;L6FAJF;New
2284;L6JKXT;New
2285;L6KZMN;New
2286;L6LMLJ;New
2287;L6MGRQ;New
2288;L6MREE;New
2289;L6NRCU;New
2290;L6QMPC;New
2291;L6RDHS;New
2292;L6RPWQ;New
2293;L6RWKA;New
2294;L6SCEO;New
2295;L6TOOI;New
2296;L6UREG;New
2297;L6XJUH;New
2298;L6YFQS;New
2299;L6YHBE;New
2300;L6ZAQW;New
2301;L7ATDM;New
2302;L7BQJM;New
2303;L7CMNG;New
2304;L7DLBK;New
2305;L7EYGH;New
2306;L7IBOF;New
2307;L7JBRM;New
2308;L7JEVX;New
2309;L7KXXO;New
2310;L7LZIW;New
2311;L7MLZF;New
2312;L7MSVP;New
2313;L7MUVU;New
2314;L7QNVB;New
2315;L7SGOE;New
2316;L7TWUB;New
2317;L7UEXA;New
2318;L7WROF;New
2319;L7XNZU;New
2320;L7ZNYI;New
2321;L8BFAU;New
2322;L8BXAQ;New
2323;L8CZQG;New
2324;L8DNDP;New
2325;L8FMXS;New
2326;L8FVOB;New
2327;L8IHLS;New
2328;L8IYJG;New
2329;L8SUXE;New
2330;L8TTLB;New
2331;L8UGUM;New
2332;L8VKVC;New
2333;L8XQKS;New
2334;L8ZIMU;New
2335;L8ZTCL;New
2336;L9AFVV;New
2337;L9BORQ;New
2338;L9GFSY;New
2339;L9GYET;New
2340;L9IZFD;New
2341;L9LCHB;New
2342;L9MZWF;New
2343;L9NXIZ;New
2344;L9PMMD;New
2345;L9RVBK;New
2346;L9SZTW;New
2347;L9TALG;New
2348;L9TTZE;New
2349;L9YVYM;New
2350;M0CPTQ;New
2351;M0EBHY;New
2352;M0EHLG;New
2353;M0GKRY;New
2354;M0JDSD;New
2355;M0JYDY;New
2356;M0KCHW;New
2357;M0LVTW;New
2358;M0NNAN;New
2359;M0SAJR;New
2360;M0TQMO;New
2361;M0TSFS;New
2362;M0UMWZ;New
2363;M0VDDG;New
2364;M0VDRE;New
2365;M0WCUX;New
2366;M0YMGU;New
2367;M1ABOK;New
2368;M1BBIS;New
2369;M1CKBK;New
2370;M1FKDQ;New
2371;M1GRAD;New
2372;M1JNDX;New
2373;M1OXBN;New
2374;M1QBWI;New
2375;M1QHXT;New
2376;M1UZSE;New
2377;M1VXIW;New
2378;M1ZRFQ;New
2379;M1ZYJN;New
2380;M2BOJC;New
2381;M2CTXX;New
2382;M2EOMD;New
2383;M2FXWI;New
2384;M2GABQ;New
2385;M2GAEO;New
2386;M2GDKF;New
2387;M2HHET;New
2388;M2HQMY;New
2389;M2IPJL;New
2390;M2JCNZ;New
2391;M2LGVJ;New
2392;M2NCTC;New
2393;M2OIGF;New
2394;M2QCDB;New
2395;M2QUCL;New
2396;M2RJTV;New
2397;M2SAAO;New
2398;M2TAJC;New
2399;M2TQNQ;New
2400;M2VKUG;New
2401;M2VSUK;New
2402;M2WRQX;New
2403;M2YLUZ;New
2404;M2YWBP;New
2405;M3AUVM;New
2406;M3BDPS;New
2407;M3CXYA;New
2408;M3DCJU;New
2409;M3DVRC;New
2410;M3FGIN;New
2411;M3IPSX;New
2412;M3JJCP;New
2413;M3MRXH;New
2414;M3PAQC;New
2415;M3PWSI;New
2416;M3PYWY;New
2417;M3QANF;New
2418;M3SJFJ;New
2419;M3SXSI;New
2420;M3TGHT;New
2421;M3TQAZ;New
2422;M3VZDL;New
2423;M3XNPV;New
2424;M3ZSUZ;New
2425;M3ZXFP;New
2426;M4AIDO;New
2427;M4BBND;New
2428;M4CUGX;New
2429;M4DNHC;New
2430;M4HNNB;New
2431;M4IZNQ;New
2432;M4LPWS;New
2433;M4MZSL;New
2434;M4SCWO;New
2435;M4SIHS;New
2436;M4VORB;New
2437;M4WORU;New
2438;M5ATHR;New
2439;M5ECAZ;New
2440;M5EHOV;New
2441;M5EUVT;New
2442;M5FQLP;New
2443;M5LVDV;New
2444;M5LXSM;New
2445;M5OCUI;New
2446;M5QNSD;New
2447;M5UVYW;New
2448;M5VOZL;New
2449;M5ZBCV;New
2450;M5ZPWQ;New
2451;M6AGZR;New
2452;M6EKKG;New
2453;M6EXYQ;New
2454;M6FGWH;New
2455;M6FZLC;New
2456;M6HFFJ;New
2457;M6HJUA;New
2458;M6IGEX;New
2459;M6IGPX;New
2460;M6JCMY;New
2461;M6JMHU;New
2462;M6KQFQ;New
2463;M6KSXR;New
2464;M6KTIJ;New
2465;M6KUQN;New
2466;M6OLDL;New
2467;M6RBVE;New
2468;M6SOYY;New
2469;M6TYBK;New
2470;M6UBKL;New
2471;M6UFAI;New
2472;M7AJNK;New
2473;M7AKYI;New
2474;M7FILH;New
2475;M7GEXV;New
2476;M7HSHT;New
2477;M7KVPU;New
2478;M7PZET;New
2479;M7QSKV;New
2480;M7RXMM;New
2481;M7SBEV;New
2482;M7SEUE;New
2483;M7SJNQ;New
2484;M7SOSY;New
2485;M7VDSQ;New
2486;M7VWJU;New
2487;M7ZGRT;New
2488;M7ZVNP;New
2489;M8BHDI;New
2490;M8CQZY;New
2491;M8ELOW;New
2492;M8GQOW;New
2493;M8HRAH;New
2494;M8IXSE;New
2495;M8JHCR;New
2496;M8JJZS;New
2497;M8JLLG;New
2498;M8JMWC;New
2499;M8LNUQ;New
2500;M8NUNJ;New
2501;M8OMFD;New
2502;M8XDLG;New
2503;M8YOZE;New
2504;M9EQFI;New
2505;M9EVZT;New
2506;M9FAGV;New
2507;M9FJVW;New
2508;M9GUDU;New
2509;M9HKFW;New
2510;M9JPCA;New
2511;M9KKIP;New
2512;M9KNPU;New
2513;M9LJUX;New
2514;M9LSCY;New
2515;M9OEHV;New
2516;M9PIKS;New
2517;M9RSDH;New
2518;M9SBNY;New
2519;M9TSWO;New
2520;M9UHLY;New
2521;M9UHWL;New
2522;M9ZDAN;New
2523;M9ZRZS;New
2524;M9ZZWH;New
2525;N0BIDK;New
2526;N0BKAX;New
2527;N0BRKM;New
2528;N0CYBW;New
2529;N0DBRV;New
2530;N0DEWH;New
2531;N0DUTG;New
2532;N0EDFR;New
2533;N0ERBJ;New
2534;N0FKGH;New
2535;N0GBMH;New
2536;N0IYVZ;New
2537;N0KGTQ;New
2538;N0MHLH;New
2539;N0MKFG;New
2540;N0PCNS;New
2541;N0PITS;New
2542;N0RQGK;New
2543;N0RYOI;New
2544;N0TRZS;New
2545;N0UDQE;New
2546;N0VJAX;New
2547;N0XSIS;New
2548;N1AQIM;New
2549;N1CKAZ;New
2550;N1ENLL;New
2551;N1GAOY;New
2552;N1GQVF;New
2553;N1GYIY;New
2554;N1JJXI;New
2555;N1KWVP;New
2556;N1MCAK;New
2557;N1MEFH;New
2558;N1NAMC;New
2559;N1NOHQ;New
2560;N1OGRE;New
2561;N1OMCK;New
2562;N1PDCH;New
2563;N1RMEB;New
2564;N1RVNB;New
2565;N1STPD;New
2566;N1SWGQ;New
2567;N1XIQU;New
2568;N2BPWP;New
2569;N2DFEQ;New
2570;N2EKFL;New
2571;N2GNDX;New
2572;N2GTGX;New
2573;N2HYVG;New
2574;N2IJOV;New
2575;N2IYAE;New
2576;N2JUDY;New
2577;N2LWEW;New
2578;N2NRXR;New
2579;N2ODMQ;New
2580;N2QQBQ;New
2581;N2TAVJ;New
2582;N2UMXW;New
2583;N2VWPE;New
2584;N2WYHY;New
2585;N2ZAKZ;New
2586;N3BEVZ;New
2587;N3GWQK;New
2588;N3JUNX;New
2589;N3MBHH;New
2590;N3MDZW;New
2591;N3NPUC;New
2592;N3NUUX;New
2593;N3NWBH;New
2594;N3OCKH;New
2595;N3RFSZ;New
2596;N3RFUZ;New
2597;N3RRVX;New
2598;N3WNEY;New
2599;N3WTQL;New
2600;N3WYKZ;New
2601;N3XGTH;New
2602;N4AZHU;New
2603;N4DYDB;New
2604;N4IXSD;New
2605;N4JDAH;New
2606;N4JIJK;New
2607;N4JOYW;New
2608;N4KGON;New
2609;N4KQMM;New
2610;N4MVBA;New
2611;N4MZLK;New
2612;N4OFZH;New
2613;N4OHUP;New
2614;N4OYMD;New
2615;N4PEYA;New
2616;N4PNPH;New
2617;N4PZMC;New
2618;N4RFOT;New
2619;N4USMZ;New
2620;N4XJVJ;New
2621;N4ZUKF;New
2622;N5AZEU;New
2623;N5BANK;New
2624;N5CRDT;New
2625;N5DOVI;New
2626;N5DPHK;New
2627;N5DTDT;New
2628;N5ESBN;New
2629;N5IWUK;New
2630;N5JDOT;New
2631;N5KZRI;New
2632;N5KZSA;New
2633;N5LLBW;New
2634;N5NGXH;New
2635;N5QCLW;New
2636;N5QRDL;New
2637;N5RAZK;New
2638;N5RBQO;New
2639;N5RUTF;New
2640;N5SLWE;New
2641;N5WNGD;New
2642;N5XAVH;New
2643;N5YBGO;New
2644;N5ZCXA;New
2645;N6AKJF;New
2646;N6BQWK;New
2647;N6CQJA;New
2648;N6DVNA;New
2649;N6EOOL;New
2650;N6GGCM;New
2651;N6MVAM;New
2652;N6ORJY;New
2653;N6RIWI;New
2654;N6UAUZ;New
2655;N6UPFI;New
2656;N6VNOU;New
2657;N6XRBU;New
2658;N6YRES;New
2659;N6ZMFV;New
2660;N7AUMM;New
2661;N7COPS;New
2662;N7DNSH;New
2663;N7FNOM;New
2664;N7GSFH;New
2665;N7HVOQ;New
2666;N7IBBI;New
2667;N7IBTI;New
2668;N7JWWK;New
2669;N7LBTE;New
2670;N7LNUV;New
2671;N7QSVV;New
2672;N7SEJQ;New
2673;N7SYFH;New
2674;N7TMXX;New
2675;N7VEVY;New
2676;N7VJLO;New
2677;N7WTQU;New
2678;N7WZKD;New
2679;N7XVRC;New
2680;N8BUGT;New
2681;N8FSYF;New
2682;N8FXXK;New
2683;N8GEEK;New
2684;N8GYDS;New
2685;N8HBSM;New
2686;N8JXNR;New
2687;N8LMZF;New
2688;N8QQUJ;New
2689;N8RAQX;New
2690;N8RLXJ;New
2691;N8RTWA;New
2692;N8UBUZ;New
2693;N8VRMD;New
2694;N8WLZE;New
2695;N8WTEN;New
2696;N8XZXQ;New
2697;N8YKPL;New
2698;N8YWRJ;New
2699;N8ZHQM;New
2700;N9CITE;New
2701;N9CQTR;New
2702;N9HZON;New
2703;N9IBAL;New
2704;N9JFCI;New
2705;N9LZLA;New
2706;N9RQOF;New
2707;N9SUCW;New
2708;N9SYYJ;New
2709;N9TEEV;New
2710;N9TRZF;New
2711;N9UBML;New
2712;N9WYHM;New
2713;N9XQNG;New
2714;N9YUCL;New
2715;N9ZYPV;New
2716;O0BWHQ;New
2717;O0FEIN;New
2718;O0HWBW;New
2719;O0KZOT;New
2720;O0NDDK;New
2721;O0OUUU;New
2722;O0SPPD;New
2723;O0TDIU;New
2724;O0VBVR;New
2725;O0WBDE;New
2726;O0WJGK;New
2727;O0XLRL;New
2728;O0YDRI;New
2729;O0YJVE;New
2730;O0YWYL;New
2731;O1CKIE;New
2732;O1DPQD;New
2733;O1GXVN;New
2734;O1HSVY;New
2735;O1JMXC;New
2736;O1LJFP;New
2737;O1MZJA;New
2738;O1OXWZ;New
2739;O1PPNC;New
2740;O1RXWN;New
2741;O1SGPK;New
2742;O1YAGV;New
2743;O1YVCU;New
2744;O2COYY;New
2745;O2DKMV;New
2746;O2FXGR;New
2747;O2GCGH;New
2748;O2HICX;New
2749;O2HTCB;New
2750;O2INMK;New
2751;O2IOTH;New
2752;O2JCHD;New
2753;O2JQXN;New
2754;O2LDOY;New
2755;O2MJKV;New
2756;O2OBBP;New
2757;O2SJOC;New
2758;O2XJCQ;New
2759;O2ZPIA;New
2760;O3AAJV;New
2761;O3AOCZ;New
2762;O3APXP;New
2763;O3BCTF;New
2764;O3BDRQ;New
2765;O3BXCG;New
2766;O3FQAF;New
2767;O3GJPR;New
2768;O3HQRF;New
2769;O3IWOS;New
2770;O3JEPX;New
2771;O3JFCW;New
2772;O3LEVJ;New
2773;O3LKSM;New
2774;O3QJQY;New
2775;O3SZUZ;New
2776;O3TWQN;New
2777;O3VJKV;New
2778;O3XTBR;New
2779;O3XTZO;New
2780;O3ZAXG;New
2781;O4BCQK;New
2782;O4BNDA;New
2783;O4DPIA;New
2784;O4FGSA;New
2785;O4FTGU;New
2786;O4IACB;New
2787;O4IXEM;New
2788;O4LUDY;New
2789;O4MMLK;New
2790;O4NXWK;New
2791;O4PTZE;New
2792;O4PVRE;New
2793;O4QOAO;New
2794;O4RRKB;New
2795;O4SPHX;New
2796;O4VURQ;New
2797;O4VZWW;New
2798;O4WPQO;New
2799;O4XSJA;New
2800;O4YIZZ;New
2801;O4ZGWI;New
2802;O4ZHIR;New
2803;O5ALSL;New
2804;O5CFMT;New
2805;O5DUWA;New
2806;O5DXAV;New
2807;O5EZRE;New
2808;O5FLAN;New
2809;O5HGUF;New
2810;O5HOLF;New
2811;O5HQFI;New
2812;O5JBQI;New
2813;O5MKZS;New
2814;O5MYFV;New
2815;O5OBLB;New
2816;O5OXIL;New
2817;O5PFSE;New
2818;O5TIFN;New
2819;O5UQOI;New
2820;O5VZLY;New
2821;O5XECK;New
2822;O5YVTE;New
2823;O5ZDUE;New
2824;O5ZOSI;New
2825;O6AUEF;New
2826;O6CHYV;New
2827;O6DCBR;New
2828;O6FAEN;New
2829;O6FUGW;New
2830;O6HCUY;New
2831;O6IONN;New
2832;O6JZSS;New
2833;O6OLBO;New
2834;O6PLQC;New
2835;O6QLSJ;New
2836;O6QNMX;New
2837;O6QZEY;New
2838;O6RJEP;New
2839;O6SUEL;New
2840;O6TWAH;New
2841;O6WCBE;New
2842;O6WJRB;New
2843;O6ZTPI;New
2844;O6ZZFX;New
2845;O7AONY;New
2846;O7COJX;New
2847;O7EBGC;New
2848;O7EHXA;New
2849;O7FPLJ;New
2850;O7JHVP;New
2851;O7LPUD;New
2852;O7NHHZ;New
2853;O7NWMC;New
2854;O7RMRT;New
2855;O7RXQG;New
2856;O7TCTZ;New
2857;O7UCYY;New
2858;O7UEYZ;New
2859;O7UPBR;New
2860;O7VTBZ;New
2861;O7WYTD;New
2862;O7WYXD;New
2863;O7XCJD;New
2864;O7YBWQ;New
2865;O7YMAC;New
2866;O7YUQX;New
2867;O7ZZTY;New
2868;O8AFNG;New
2869;O8CWJL;New
2870;O8DNRG;New
2871;O8EDKZ;New
2872;O8FHQS;New
2873;O8GIUX;New
2874;O8GUTG;New
2875;O8KWGU;New
2876;O8MZZM;New
2877;O8NKKG;New
2878;O8NVNA;New
2879;O8ORPV;New
2880;O8PTIR;New
2881;O8ZMIZ;New
2882;O8ZMYU;New
2883;O9AJKK;New
2884;O9AOGZ;New
2885;O9BMTP;New
2886;O9FEWV;New
2887;O9HGSV;New
2888;O9JICD;New
2889;O9LMOK;New
2890;O9PUEE;New
2891;O9QHIB;New
2892;O9RWMB;New
2893;O9TWTW;New
2894;O9UWIH;New
2895;O9VVOV;New
2896;P0CDXA;New
2897;P0EOZV;New
2898;P0ERFS;New
2899;P0GFZM;New
2900;P0GNMO;New
2901;P0HIYU;New
2902;P0KOWE;New
2903;P0LNZZ;New
2904;P0OHAS;New
2905;P0OWIE;New
2906;P0PIIP;New
2907;P0PYVJ;New
2908;P0QCUC;New
2909;P0TDDW;New
2910;P0TLTY;New
2911;P0VSJI;New
2912;P0VZLX;New
2913;P0WFTM;New
2914;P0ZMQU;New
2915;P0ZONC;New
2916;P1ASTW;New
2917;P1BDRC;New
2918;P1BDXZ;New
2919;P1BSWA;New
2920;P1CXEB;New
2921;P1DIRG;New
2922;P1FEUB;New
2923;P1GWGT;New
2924;P1IYZS;New
2925;P1OMDN;New
2926;P1QDZN;New
2927;P1QIJR;New
2928;P1RQWJ;New
2929;P1SWYD;New
2930;P1TOOV;New
2931;P1WOKP;New
2932;P2AZEM;New
2933;P2BLFW;New
2934;P2EGIU;New
2935;P2EIYH;New
2936;P2FROL;New
2937;P2HVUP;New
2938;P2IBDG;New
2939;P2IOGX;New
2940;P2KATV;New
2941;P2PBVO;New
2942;P2PWIT;New
2943;P2RAKY;New
2944;P2VZEM;New
2945;P2ZMPC;New
2946;P3BMGG;New
2947;P3BUGK;New
2948;P3FKDT;New
2949;P3GGIM;New
2950;P3GKUS;New
2951;P3INJW;New
2952;P3KVZW;New
2953;P3KYPI;New
2954;P3LPWN;New
2955;P3MOFS;New
2956;P3NUZY;New
2957;P3OVIF;New
2958;P3QBDJ;New
2959;P3QMJX;New
2960;P3QPML;New
2961;P3RNFF;New
2962;P3SGZN;New
2963;P3SVHQ;New
2964;P3WGFW;New
2965;P3ZHHA;New
2966;P4AFTL;New
2967;P4BUFH;New
2968;P4ESRN;New
2969;P4GEFP;New
2970;P4HRTS;New
2971;P4JSUG;New
2972;P4KHBA;New
2973;P4MCUU;New
2974;P4NOXQ;New
2975;P4PJHE;New
2976;P4PZQF;New
2977;P4RFUY;New
2978;P4UJOC;New
2979;P4UYOX;New
2980;P5DXVK;New
2981;P5EPWP;New
2982;P5IEFV;New
2983;P5IEWO;New
2984;P5ISUZ;New
2985;P5KWUF;New
2986;P5MWRQ;New
2987;P5NEVI;New
2988;P5NJAF;New
2989;P5OAEX;New
2990;P5PBSH;New
2991;P5PWPX;New
2992;P5QKSW;New
2993;P5RGUV;New
2994;P5SHSH;New
2995;P5UQVQ;New
2996;P5WSOV;New
2997;P5YBLO;New
2998;P5YNKJ;New
2999;P5ZZES;New
3000;P6AQKW;New
3001;P6BPTA;New
3002;P6GCHE;New
3003;P6IFDJ;New
3004;P6INAL;New
3005;P6JMCV;New
3006;P6LOQE;New
3007;P6MJVA;New
3008;P6NZIF;New
3009;P6OMDD;New
3010;P6SACS;New
3011;P6TLAO;New
3012;P6TMGD;New
3013;P6TSWT;New
3014;P6UEPJ;New
3015;P6UFPD;New
3016;P6WFQZ;New
3017;P6WUEN;New
3018;P6WWSW;New
3019;P6ZNHQ;New
3020;P7BDMW;New
3021;P7BLRA;New
3022;P7CBVS;New
3023;P7CPCU;New
3024;P7IPXU;New
3025;P7ITKJ;New
3026;P7IXOM;New
3027;P7JYNI;New
3028;P7LAXO;New
3029;P7LECR;New
3030;P7LNIL;New
3031;P7LQBR;New
3032;P7MNVU;New
3033;P7PMIT;New
3034;P7QQOH;New
3035;P7RXTQ;New
3036;P7SCBV;New
3037;P7TBYS;New
3038;P7TKJE;New
3039;P7YUJI;New
3040;P7ZQAW;New
3041;P8AYWV;New
3042;P8BECZ;New
3043;P8CBXI;New
3044;P8DHTC;New
3045;P8DKWA;New
3046;P8DTQM;New
3047;P8DXVF;New
3048;P8DYPN;New
3049;P8EJBI;New
3050;P8FBUO;New
3051;P8FSZY;New
3052;P8GHNA;New
3053;P8GVDO;New
3054;P8GXYJ;New
3055;P8HTJF;New
3056;P8JRNZ;New
3057;P8OWWE;New
3058;P8PSCG;New
3059;P8QZYK;New
3060;P8SPCH;New
3061;P9BQAL;New
3062;P9DNIP;New
3063;P9FXLN;New
3064;P9JFLD;New
3065;P9KTZI;New
3066;P9OBFQ;New
3067;P9QIXM;New
3068;P9RAJS;New
3069;P9RUFY;New
3070;P9RYXR;New
3071;P9XGNE;New
3072;P9XMTO;New
3073;Q0ACSV;New
3074;Q0AECQ;New
3075;Q0BOUG;New
3076;Q0FOQL;New
3077;Q0GNDS;New
3078;Q0GSKA;New
3079;Q0GVJV;New
3080;Q0KMVZ;New
3081;Q0MLHA;New
3082;Q0MSSS;New
3083;Q0NOYD;New
3084;Q0OYFV;New
3085;Q0UYLO;New
3086;Q0VOVZ;New
3087;Q0VPHK;New
3088;Q0WFAV;New
3089;Q0XPQL;New
3090;Q0YHFL;New
3091;Q0ZUGE;New
3092;Q1AFYE;New
3093;Q1DEAX;New
3094;Q1MEEJ;New
3095;Q1NNKM;New
3096;Q1NRYE;New
3097;Q1NYWF;New
3098;Q1ORRP;New
3099;Q1PQHK;New
3100;Q1PSVJ;New
3101;Q1PYEU;New
3102;Q1QVTF;New
3103;Q1SXOQ;New
3104;Q1USSE;New
3105;Q1VKMB;New
3106;Q1VVRQ;New
3107;Q1WTGA;New
3108;Q1XJLT;New
3109;Q1XSPN;New
3110;Q1YDYD;New
3111;Q1YRIO;New
3112;Q2AOOS;New
3113;Q2DFUH;New
3114;Q2EZUZ;New
3115;Q2FTAH;New
3116;Q2GWKT;New
3117;Q2HYAB;New
3118;Q2JJLH;New
3119;Q2JVOE;New
3120;Q2KFNK;New
3121;Q2KPPN;New
3122;Q2KXJQ;New
3123;Q2LDWF;New
3124;Q2LKZL;New
3125;Q2RROT;New
3126;Q2SEWF;New
3127;Q2SZFJ;New
3128;Q2VJNP;New
3129;Q2YSNM;New
3130;Q3AAAI;New
3131;Q3AHLI;New
3132;Q3BDNA;New
3133;Q3BPCC;New
3134;Q3ESID;New
3135;Q3FHGC;New
3136;Q3HBMQ;New
3137;Q3IDDZ;New
3138;Q3IRPZ;New
3139;Q3LIBF;New
3140;Q3LPMZ;New
3141;Q3MAEA;New
3142;Q3NVHU;New
3143;Q3PMMW;New
3144;Q3PYTG;New
3145;Q3RCDH;New
3146;Q3SXQL;New
3147;Q3TGZO;New
3148;Q3TQOM;New
3149;Q3TVTA;New
3150;Q3URLJ;New
3151;Q3UTYC;New
3152;Q3VCKL;New
3153;Q3VEMM;New
3154;Q3WFFY;New
3155;Q3XANG;New
3156;Q3XXNS;New
3157;Q3YKYX;New
3158;Q4BALR;New
3159;Q4CHLO;New
3160;Q4CILE;New
3161;Q4CIRJ;New
3162;Q4CIUR;New
3163;Q4DWSS;New
3164;Q4HPOA;New
3165;Q4HUXU;New
3166;Q4HZXK;New
3167;Q4NCSD;New
3168;Q4OLMP;New
3169;Q4SCBD;New
3170;Q4VNJN;New
3171;Q4XPBN;New
3172;Q5BPRC;New
3173;Q5DZPE;New
3174;Q5ESZY;New
3175;Q5FAMH;New
3176;Q5GHWL;New
3177;Q5GRTF;New
3178;Q5HEQF;New
3179;Q5JIMG;New
3180;Q5KNFG;New
3181;Q5MPVF;New
3182;Q5NHPH;New
3183;Q5NQEL;New
3184;Q5ORSH;New
3185;Q5OZSN;New
3186;Q5QREE;New
3187;Q5REGS;New
3188;Q5WGKK;New
3189;Q5WXZW;New
3190;Q5XZIL;New
3191;Q5ZTQT;New
3192;Q5ZUUI;New
3193;Q6CMLJ;New
3194;Q6DKVI;New
3195;Q6DPIH;New
3196;Q6FBYA;New
3197;Q6GKFB;New
3198;Q6IDQY;New
3199;Q6IGGZ;New
3200;Q6INHF;New
3201;Q6JQAE;New
3202;Q6NMIK;New
3203;Q6NXAM;New
3204;Q6ODAP;New
3205;Q6PMME;New
3206;Q6SOMK;New
3207;Q6TNVP;New
3208;Q6XPNZ;New
3209;Q6XSKO;New
3210;Q6YFHU;New
3211;Q6ZNGB;New
3212;Q6ZTDQ;New
3213;Q7EGGE;New
3214;Q7FHRQ;New
3215;Q7GBFP;New
3216;Q7HLSM;New
3217;Q7ITWV;New
3218;Q7JPJP;New
3219;Q7JUHT;New
3220;Q7LTTX;New
3221;Q7PYFV;New
3222;Q7QBST;New
3223;Q7TWZM;New
3224;Q7UPDH;New
3225;Q7WEVJ;New
3226;Q8BGNJ;New
3227;Q8BRXI;New
3228;Q8CCTP;New
3229;Q8DGYL;New
3230;Q8DXCO;New
3231;Q8JZTX;New
3232;Q8KKWQ;New
3233;Q8KUPF;New
3234;Q8LKFW;New
3235;Q8LQZE;New
3236;Q8NDML;New
3237;Q8NHSK;New
3238;Q8NVZW;New
3239;Q8OYDU;New
3240;Q8PLOA;New
3241;Q8QURK;New
3242;Q8QVFZ;New
3243;Q8RBPE;New
3244;Q8RKGH;New
3245;Q8RSIG;New
3246;Q8SAQM;New
3247;Q8ULVH;New
3248;Q8VMRI;New
3249;Q8YLZC;New
3250;Q9ADCO;New
3251;Q9ATAA;New
3252;Q9CEOB;New
3253;Q9CFZH;New
3254;Q9FMMJ;New
3255;Q9IMEJ;New
3256;Q9ITPS;New
3257;Q9JSLP;New
3258;Q9KFUY;New
3259;Q9KJOD;New
3260;Q9LUBJ;New
3261;Q9MBTR;New
3262;Q9MHEQ;New
3263;Q9MNFF;New
3264;Q9RUNG;New
3265;Q9TMHF;New
3266;Q9VHAX;New
3267;Q9WLMI;New
3268;Q9YKDI;New
3269;R0FCHM;New
3270;R0GOTA;New
3271;R0HVVI;New
3272;R0KGON;New
3273;R0MKDB;New
3274;R0NAVS;New
3275;R0PJBB;New
3276;R0RKAH;New
3277;R0UBGB;New
3278;R0VSXM;New
3279;R0ZQGF;New
3280;R1AGPP;New
3281;R1BDYX;New
3282;R1CKTL;New
3283;R1DQRQ;New
3284;R1EKTR;New
3285;R1FGYP;New
3286;R1FWCE;New
3287;R1IDEY;New
3288;R1ISFJ;New
3289;R1JFAV;New
3290;R1JUHH;New
3291;R1KPMU;New
3292;R1OUEP;New
3293;R1QCTU;New
3294;R1QPJR;New
3295;R1RQZJ;New
3296;R1UCDU;New
3297;R1VQUQ;New
3298;R1YNSX;New
3299;R1ZLEW;New
3300;R1ZYQY;New
3301;R2DAVK;New
3302;R2EOZQ;New
3303;R2GCCE;New
3304;R2GEGP;New
3305;R2HDZY;New
3306;R2HOHS;New
3307;R2HTNQ;New
3308;R2IHML;New
3309;R2KWTZ;New
3310;R2MTMB;New
3311;R2MXEA;New
3312;R2OKVR;New
3313;R2ORVZ;New
3314;R2RCLU;New
3315;R2RLRS;New
3316;R2ROWF;New
3317;R2RXWM;New
3318;R2SWKY;New
3319;R2VBYL;New
3320;R2XACI;New
3321;R2XFKJ;New
3322;R2YBCJ;New
3323;R2YKEA;New
3324;R2YQFG;New
3325;R2ZGWV;New
3326;R3DQOD;New
3327;R3FDII;New
3328;R3FZAD;New
3329;R3GUZZ;New
3330;R3HHDG;New
3331;R3JGDM;New
3332;R3JQPT;New
3333;R3LRHK;New
3334;R3ODGH;New
3335;R3OUON;New
3336;R3QHKF;New
3337;R3RGLW;New
3338;R3RITX;New
3339;R3TEJS;New
3340;R3TXJZ;New
3341;R3WULH;New
3342;R3XAFI;New
3343;R3ZONS;New
3344;R4AODV;New
3345;R4BNBL;New
3346;R4CNDB;New
3347;R4DAJB;New
3348;R4ECKA;New
3349;R4EDFW;New
3350;R4EJCN;New
3351;R4FEOH;New
3352;R4GEAW;New
3353;R4ICMD;New
3354;R4NBWC;New
3355;R4OCLG;New
3356;R4OMCC;New
3357;R4ONLE;New
3358;R4OVVH;New
3359;R4RMLZ;New
3360;R4RRHT;New
3361;R4UFKR;New
3362;R4WAUC;New
3363;R4WOOO;New
3364;R5BSYL;New
3365;R5EDIP;New
3366;R5ESFY;New
3367;R5FLVH;New
3368;R5GKHX;New
3369;R5GTEJ;New
3370;R5HRJA;New
3371;R5IBVG;New
3372;R5ICWW;New
3373;R5KDGR;New
3374;R5KJUU;New
3375;R5KTBG;New
3376;R5KUBQ;New
3377;R5MWMO;New
3378;R5NXRE;New
3379;R5NYPS;New
3380;R5RZSX;New
3381;R5VSLO;New
3382;R5XGDB;New
3383;R5XJJT;New
3384;R5ZBIS;New
3385;R5ZJXB;New
3386;R6BJOO;New
3387;R6BKRJ;New
3388;R6CNGO;New
3389;R6EBDP;New
3390;R6EHOJ;New
3391;R6GMEI;New
3392;R6HXWB;New
3393;R6JNXY;New
3394;R6KINO;New
3395;R6KNIT;New
3396;R6KYIC;New
3397;R6LBJZ;New
3398;R6LXXM;New
3399;R6PGWW;New
3400;R6PUIS;New
3401;R6QKII;New
3402;R6RKNS;New
3403;R6RWVG;New
3404;R6SEGM;New
3405;R6SNLH;New
3406;R6SUEY;New
3407;R6TYZB;New
3408;R6UVAO;New
3409;R6UYXU;New
3410;R6WEFE;New
3411;R6XVGS;New
3412;R6ZPFG;New
3413;R7BMPB;New
3414;R7CHYF;New
3415;R7CPPA;New
3416;R7CTZF;New
3417;R7EGSB;New
3418;R7EMZN;New
3419;R7GZND;New
3420;R7HPDE;New
3421;R7ILND;New
3422;R7IVWZ;New
3423;R7IYYZ;New
3424;R7MKLL;New
3425;R7MRSS;New
3426;R7NCIF;New
3427;R7QKKE;New
3428;R7YNRX;New
3429;R8ABEG;New
3430;R8BPYY;New
3431;R8CIDE;New
3432;R8DDVU;New
3433;R8EPPG;New
3434;R8JONK;New
3435;R8LVYJ;New
3436;R8NMMS;New
3437;R8OMRW;New
3438;R8PGZB;New
3439;R8SKKA;New
3440;R8TUYI;New
3441;R8XHPD;New
3442;R9ARUA;New
3443;R9BHIX;New
3444;R9DNHL;New
3445;R9EWCJ;New
3446;R9EXZZ;New
3447;R9HBXQ;New
3448;R9HOVA;New
3449;R9HUDH;New
3450;R9OECL;New
3451;R9PJII;New
3452;R9TCXE;New
3453;R9TYKG;New
3454;R9USAM;New
3455;R9WFBN;New
3456;R9YZPW;New
3457;R9ZEER;New
3458;R9ZTGD;New
3459;S0BSZT;New
3460;S0BXIA;New
3461;S0CIBJ;New
3462;S0CWJG;New
3463;S0CYLU;New
3464;S0DEKB;New
3465;S0DGIA;New
3466;S0DHFG;New
3467;S0HPSJ;New
3468;S0IQLR;New
3469;S0LEYW;New
3470;S0LVJE;New
3471;S0LVKF;New
3472;S0MJCE;New
3473;S0OFNM;New
3474;S0OSNJ;New
3475;S0RABQ;New
3476;S0SNNO;New
3477;S1AWUM;New
3478;S1BSVL;New
3479;S1CJRM;New
3480;S1DRMO;New
3481;S1EWRA;New
3482;S1INUQ;New
3483;S1LTXX;New
3484;S1MEBL;New
3485;S1MIMC;New
3486;S1NFZZ;New
3487;S1NHNB;New
3488;S1NJGF;New
3489;S1NRHC;New
3490;S1RIOQ;New
3491;S1TFIB;New
3492;S1VHDI;New
3493;S1XCUY;New
3494;S1XGER;New
3495;S1XQRE;New
3496;S1YGIJ;New
3497;S1YLSE;New
3498;S1ZRQI;New
3499;S2BLIB;New
3500;S2BWXP;New
3501;S2FGHD;New
3502;S2GPTF;New
3503;S2HOTJ;New
3504;S2JTZX;New
3505;S2MZAA;New
3506;S2QOPP;New
3507;S2SIHQ;New
3508;S2TVEO;New
3509;S2UZUL;New
3510;S2VLYR;New
3511;S2VZOD;New
3512;S2WEHD;New
3513;S2WULM;New
3514;S2YIOU;New
3515;S2ZCVO;New
3516;S2ZDUU;New
3517;S3DYVA;New
3518;S3JRRJ;New
3519;S3PGYI;New
3520;S3SLQE;New
3521;S3SVVL;New
3522;S3TDTU;New
3523;S3UHNH;New
3524;S3WVSE;New
3525;S3XBTG;New
3526;S3YOHP;New
3527;S4AGOZ;New
3528;S4BLFK;New
3529;S4DSPE;New
3530;S4HYSG;New
3531;S4IZVY;New
3532;S4KECQ;New
3533;S4LIWQ;New
3534;S4OGBK;New
3535;S4OGEC;New
3536;S4OJAD;New
3537;S4OUJE;New
3538;S4RBKP;New
3539;S4SZKX;New
3540;S4UGYB;New
3541;S4UOCL;New
3542;S4YSJO;New
3543;S4YTWQ;New
3544;S4YWVX;New
3545;S5BTIN;New
3546;S5CTNB;New
3547;S5GFIM;New
3548;S5IJPP;New
3549;S5LAYM;New
3550;S5LJSU;New
3551;S5MNFJ;New
3552;S5OQZE;New
3553;S5PJRL;New
3554;S5QPUG;New
3555;S5QRGH;New
3556;S5SJXS;New
3557;S5VMEH;New
3558;S5WHAE;New
3559;S5YFBW;New
3560;S5ZBLD;New
3561;S6DZNG;New
3562;S6GFPD;New
3563;S6HHWB;New
3564;S6JFXR;New
3565;S6JLQI;New
3566;S6JRXJ;New
3567;S6NIUD;New
3568;S6OIKV;New
3569;S6PLCV;New
3570;S6QMGG;New
3571;S6ROGI;New
3572;S6RXDM;New
3573;S6SQIV;New
3574;S6SUHH;New
3575;S6SZBV;New
3576;S6TPKL;New
3577;S6UTTN;New
3578;S6VMDZ;New
3579;S6WBDB;New
3580;S6WEVG;New
3581;S6XHKQ;New
3582;S6XWXM;New
3583;S6YWVA;New
3584;S6ZLJD;New
3585;S7AERJ;New
3586;S7ANBA;New
3587;S7AZRS;New
3588;S7BJKT;New
3589;S7EIJN;New
3590;S7EMMD;New
3591;S7EWFN;New
3592;S7KKOR;New
3593;S7KRBI;New
3594;S7MIFO;New
3595;S7OGWW;New
3596;S7RTUN;New
3597;S7TSXO;New
3598;S7UHSQ;New
3599;S7VBZY;New
3600;S7ZHEG;New
3601;S8ANNA;New
3602;S8AQPA;New
3603;S8CNUZ;New
3604;S8EDUO;New
3605;S8FNJU;New
3606;S8GXKQ;New
3607;S8HFGE;New
3608;S8HOSC;New
3609;S8IOMF;New
3610;S8JRLF;New
3611;S8JZWX;New
3612;S8MMWQ;New
3613;S8PAHN;New
3614;S8PDCN;New
3615;S8QYIP;New
3616;S8SADI;New
3617;S8SHKX;New
3618;S8TOCA;New
3619;S8TQKI;New
3620;S8VJEN;New
3621;S8VNHR;New
3622;S8WDMM;New
3623;S8WVYX;New
3624;S9ASZH;New
3625;S9BJIV;New
3626;S9BZVJ;New
3627;S9CDKH;New
3628;S9CGMV;New
3629;S9FYMO;New
3630;S9GJBC;New
3631;S9IGNO;New
3632;S9IGVW;New
3633;S9KXUD;New
3634;S9LBHK;New
3635;S9MOVZ;New
3636;S9NXVB;New
3637;S9OHPK;New
3638;S9OXTU;New
3639;S9PCLJ;New
3640;S9PFHE;New
3641;S9PTVJ;New
3642;S9RABC;New
3643;S9RDPR;New
3644;S9SIIQ;New
3645;S9TIZI;New
3646;S9TVQK;New
3647;S9UPFO;New
3648;S9VHJM;New
3649;S9VMCB;New
3650;S9WGHL;New
3651;S9XCBQ;New
3652;S9XHAV;New
3653;S9YELY;New
3654;S9YPYZ;New
3655;S9ZONW;New
3656;T0ALKY;New
3657;T0COFV;New
3658;T0FGFR;New
3659;T0HEZZ;New
3660;T0IEZB;New
3661;T0JNVQ;New
3662;T0KJWH;New
3663;T0MBDH;New
3664;T0MZUF;New
3665;T0NCRP;New
3666;T0NWZN;New
3667;T0QNDZ;New
3668;T0RXGZ;New
3669;T0SSZX;New
3670;T0UWGR;New
3671;T0VHLY;New
3672;T0WDHO;New
3673;T0WSGB;New
3674;T0ZDLB;New
3675;T0ZGTW;New
3676;T0ZSHO;New
3677;T1BASB;New
3678;T1BDHU;New
3679;T1BHGJ;New
3680;T1CKAV;New
3681;T1FVKT;New
3682;T1FVMX;New
3683;T1FXAP;New
3684;T1GMQT;New
3685;T1HRPB;New
3686;T1HWLR;New
3687;T1IDBH;New
3688;T1JQGX;New
3689;T1LLXW;New
3690;T1OEXN;New
3691;T1OMQX;New
3692;T1ORMT;New
3693;T1OTDQ;New
3694;T1QUJS;New
3695;T1QWFD;New
3696;T1TMEN;New
3697;T1UMEF;New
3698;T1UQRQ;New
3699;T1UYXN;New
3700;T1VYPM;New
3701;T1XTHO;New
3702;T1YVEO;New
3703;T2AHMK;New
3704;T2CNFJ;New
3705;T2FBCU;New
3706;T2HLKF;New
3707;T2HQWM;New
3708;T2HSCN;New
3709;T2IEOZ;New
3710;T2IGSC;New
3711;T2IQVY;New
3712;T2KEFV;New
3713;T2LDNQ;New
3714;T2LUWY;New
3715;T2MHTK;New
3716;T2MMEI;New
3717;T2NRGW;New
3718;T2NXWO;New
3719;T2OCGR;New
3720;T2OUOG;New
3721;T2QWQZ;New
3722;T2RXHR;New
3723;T2WJVF;New
3724;T2WPRT;New
3725;T2WUAR;New
3726;T2XKRM;New
3727;T2XXWR;New
3728;T2YENS;New
3729;T2YQSX;New
3730;T2ZAZA;New
3731;T2ZXCX;New
3732;T3BEXB;New
3733;T3BODD;New
3734;T3CECX;New
3735;T3EKKF;New
3736;T3ENWP;New
3737;T3EQPF;New
3738;T3FPTN;New
3739;T3IWHF;New
3740;T3KOGD;New
3741;T3LCCR;New
3742;T3LVFG;New
3743;T3OHOL;New
3744;T3OMMI;New
3745;T4ATAO;New
3746;T4EUYU;New
3747;T4EVSJ;New
3748;T4FRLC;New
3749;T4HCAR;New
3750;T4JKRQ;New
3751;T4LSGO;New
3752;T4MQVC;New
3753;T4MROQ;New
3754;T4MSRP;New
3755;T4OOQG;New
3756;T4OYKT;New
3757;T4PYQP;New
3758;T4RLZZ;New
3759;T4TFXT;New
3760;T4TTLF;New
3761;T4WHQJ;New
3762;T4WSMD;New
3763;T4XFDC;New
3764;T4XMQB;New
3765;T4ZGUB;New
3766;T5AKJO;New
3767;T5CZQS;New
3768;T5HPZP;New
3769;T5ICRW;New
3770;T5IVND;New
3771;T5KLSS;New
3772;T5NQHT;New
3773;T5OCJB;New
3774;T5POJG;New
3775;T5QHFQ;New
3776;T5QULL;New
3777;T5TTCG;New
3778;T5URZJ;New
3779;T5VHDC;New
3780;T5WJQJ;New
3781;T5WOTZ;New
3782;T5ZDRW;New
3783;T5ZGWZ;New
3784;T5ZLEV;New
3785;T5ZPTC;New
3786;T6AZPB;New
3787;T6BSYA;New
3788;T6CEGE;New
3789;T6CEVP;New
3790;T6DQKT;New
3791;T6FQJX;New
3792;T6IHFG;New
3793;T6KCKN;New
3794;T6KEIK;New
3795;T6KGOC;New
3796;T6OEDY;New
3797;T6WSKR;New
3798;T6XFYB;New
3799;T7AMNF;New
3800;T7BLIC;New
3801;T7BWQG;New
3802;T7CFWZ;New
3803;T7EDVO;New
3804;T7FCQB;New
3805;T7GTJT;New
3806;T7GYIK;New
3807;T7HENL;New
3808;T7JDLD;New
3809;T7KQPD;New
3810;T7MHNA;New
3811;T7OSQG;New
3812;T7SDMO;New
3813;T7VQFB;New
3814;T7YGKN;New
3815;T7YRHE;New
3816;T7YWRU;New
3817;T7ZRUI;New
3818;T8ADPU;New
3819;T8CIFH;New
3820;T8CRDQ;New
3821;T8GPJR;New
3822;T8HIKV;New
3823;T8NOPL;New
3824;T8PCBE;New
3825;T8PETU;New
3826;T8QXIJ;New
3827;T8SOIB;New
3828;T8SPLE;New
3829;T8TWRN;New
3830;T8VTJZ;New
3831;T8WVHR;New
3832;T8YBXD;New
3833;T8YING;New
3834;T8YLIO;New
3835;T8YVIU;New
3836;T9GUZD;New
3837;T9HBTE;New
3838;T9HUKD;New
3839;T9ICRK;New
3840;T9KYZF;New
3841;T9LILN;New
3842;T9OPMU;New
3843;T9PAJS;New
3844;T9PSTL;New
3845;T9QMXG;New
3846;T9QZHM;New
3847;T9RJKC;New
3848;T9SPJC;New
3849;T9TLKY;New
3850;T9YYHS;New
3851;T9ZIRA;New
3852;U0ADTG;New
3853;U0COIV;New
3854;U0DGBY;New
3855;U0DNIC;New
3856;U0EDAB;New
3857;U0HBKS;New
3858;U0JIZY;New
3859;U0KVDZ;New
3860;U0NEZD;New
3861;U0NTZI;New
3862;U0PNEX;New
3863;U0SMTF;New
3864;U0TESY;New
3865;U0UAIM;New
3866;U0UJAZ;New
3867;U0WAEE;New
3868;U0XJAW;New
3869;U0ZNWY;New
3870;U0ZTUO;New
3871;U1CUFL;New
3872;U1DYFJ;New
3873;U1EEEV;New
3874;U1IQHV;New
3875;U1JEOR;New
3876;U1KSZV;New
3877;U1LHKI;New
3878;U1MLGT;New
3879;U1MYYL;New
3880;U1PDYC;New
3881;U1QBBD;New
3882;U1QGPS;New
3883;U1QNMV;New
3884;U1QRGZ;New
3885;U1QVUC;New
3886;U1TLIQ;New
3887;U1XDRK;New
3888;U1XRBB;New
3889;U2AKQH;New
3890;U2CDEQ;New
3891;U2DGYZ;New
3892;U2FBQY;New
3893;U2FGHT;New
3894;U2HKND;New
3895;U2ICRK;New
3896;U2KDGH;New
3897;U2KDVT;New
3898;U2NDIK;New
3899;U2OCQU;New
3900;U2QNUT;New
3901;U2SBDM;New
3902;U2SQXK;New
3903;U2TIIK;New
3904;U2TLVS;New
3905;U2UBHR;New
3906;U2UHGR;New
3907;U2UOWT;New
3908;U2UROP;New
3909;U2VIYJ;New
3910;U2WJXY;New
3911;U2WQQI;New
3912;U2WQRZ;New
3913;U2XOAF;New
3914;U2YSQB;New
3915;U2ZPXQ;New
3916;U3AGIR;New
3917;U3ENME;New
3918;U3GAUY;New
3919;U3KXIS;New
3920;U3KZEM;New
3921;U3LCCN;New
3922;U3LFZP;New
3923;U3LRUH;New
3924;U3LTWE;New
3925;U3LWOD;New
3926;U3NIPT;New
3927;U3OAWS;New
3928;U3OCMM;New
3929;U3ORTE;New
3930;U3QWPC;New
3931;U3TXMJ;New
3932;U3UABT;New
3933;U3VCHR;New
3934;U3ZMRU;New
3935;U4BXNV;New
3936;U4EDKL;New
3937;U4FYDB;New
3938;U4JELT;New
3939;U4MFRQ;New
3940;U4UAWR;New
3941;U4UBRV;New
3942;U4VMPC;New
3943;U4XLCO;New
3944;U5AJVL;New
3945;U5BLLW;New
3946;U5BUZM;New
3947;U5DTZH;New
3948;U5FLPU;New
3949;U5FZVC;New
3950;U5GVMJ;New
3951;U5HTEI;New
3952;U5IGZE;New
3953;U5IIHL;New
3954;U5IOLM;New
3955;U5JDNL;New
3956;U5KIHN;New
3957;U5LXVC;New
3958;U5OIQI;New
3959;U5QUAN;New
3960;U5TTQO;New
3961;U5UPZJ;New
3962;U5WFFK;New
3963;U6AMBL;New
3964;U6CAQF;New
3965;U6EPII;New
3966;U6GPSJ;New
3967;U6ITOU;New
3968;U6MEXH;New
3969;U6MKPZ;New
3970;U6PFUS;New
3971;U6PIMR;New
3972;U6PVXY;New
3973;U6PWMV;New
3974;U6QUVF;New
3975;U6RLUD;New
3976;U6VLLN;New
3977;U6WBFP;New
3978;U6WFQM;New
3979;U6WQFS;New
3980;U6YTRL;New
3981;U7BDTC;New
3982;U7BQVD;New
3983;U7GRWK;New
3984;U7HYID;New
3985;U7MJDY;New
3986;U7QJWD;New
3987;U7REXD;New
3988;U7SMOK;New
3989;U7SVFT;New
3990;U7TPOT;New
3991;U7UHTH;New
3992;U7UHTX;New
3993;U7UHUV;New
3994;U7UOVL;New
3995;U7VANX;New
3996;U7YCKR;New
3997;U8ALDJ;New
3998;U8CVAG;New
3999;U8DCZH;New
4000;U8FNXT;New
4001;U8FSAT;New
4002;U8IMPR;New
4003;U8JGOK;New
4004;U8KHXL;New
4005;U8LXVY;New
4006;U8MHEE;New
4007;U8PFOA;New
4008;U8RBXQ;New
4009;U8SGXS;New
4010;U8SJKZ;New
4011;U8VDGG;New
4012;U8XQYV;New
4013;U8XXGN;New
4014;U8YUTE;New
4015;U9ELVC;New
4016;U9ENBT;New
4017;U9GGWL;New
4018;U9IIFD;New
4019;U9IJOW;New
4020;U9IMFZ;New
4021;U9LVNV;New
4022;U9NEOH;New
4023;U9OINY;New
4024;U9OSER;New
4025;U9PDZM;New
4026;U9RTMC;New
4027;U9RZTF;New
4028;U9SBNC;New
4029;U9SYCW;New
4030;U9UVXA;New
4031;U9VMMK;New
4032;U9WAGH;New
4033;U9WXTM;New
4034;U9XGFA;New
4035;V0AVLV;New
4036;V0BINW;New
4037;V0DSAN;New
4038;V0ERUO;New
4039;V0IPIG;New
4040;V0JGGE;New
4041;V0JRLT;New
4042;V0KQDY;New
4043;V0KYWZ;New
4044;V0LGIY;New
4045;V0NPFV;New
4046;V0QCRQ;New
4047;V0TUDV;New
4048;V0UKYZ;New
4049;V0UWMZ;New
4050;V0WXDS;New
4051;V0YTKX;New
4052;V1ACTF;New
4053;V1ALVM;New
4054;V1CLBF;New
4055;V1EPWN;New
4056;V1HSZS;New
4057;V1ICOU;New
4058;V1MCFZ;New
4059;V1OZVM;New
4060;V1PAGN;New
4061;V1QIYP;New
4062;V1QYII;New
4063;V1RUEN;New
4064;V1UHCU;New
4065;V1UJVU;New
4066;V1ZURN;New
4067;V1ZVTV;New
4068;V2DKTC;New
4069;V2EUAV;New
4070;V2FNQE;New
4071;V2GHKX;New
4072;V2IWPP;New
4073;V2NMOQ;New
4074;V2OZYW;New
4075;V2PRBM;New
4076;V2PXPG;New
4077;V2QOSM;New
4078;V2QYSF;New
4079;V2RAZL;New
4080;V2SMLG;New
4081;V2VMKR;New
4082;V2WAFN;New
4083;V2YECA;New
4084;V2YICG;New
4085;V2YQQP;New
4086;V2ZMNI;New
4087;V3BBCA;New
4088;V3DIEY;New
4089;V3EATE;New
4090;V3GRMN;New
4091;V3IJEN;New
4092;V3LQVB;New
4093;V3MDIH;New
4094;V3NTIZ;New
4095;V3OQNQ;New
4096;V3PVTL;New
4097;V3QLRK;New
4098;V3RRKZ;New
4099;V3RZUB;New
4100;V3UNYL;New
4101;V3YNKH;New
4102;V4BBZX;New
4103;V4BEBP;New
4104;V4BJVD;New
4105;V4BRMV;New
4106;V4ERCI;New
4107;V4ERNX;New
4108;V4IAFP;New
4109;V4IMAR;New
4110;V4JFKT;New
4111;V4NEGV;New
4112;V4NKAY;New
4113;V4QYVU;New
4114;V4SVFC;New
4115;V4TQLB;New
4116;V4TUPD;New
4117;V4TXAL;New
4118;V4UAZB;New
4119;V4UPBV;New
4120;V4VLOO;New
4121;V4WKLK;New
4122;V4YVVD;New
4123;V4ZEMQ;New
4124;V5CCEO;New
4125;V5CPKO;New
4126;V5EHWR;New
4127;V5FWVT;New
4128;V5HAIV;New
4129;V5IUXF;New
4130;V5JGFU;New
4131;V5JGPK;New
4132;V5JPJF;New
4133;V5PJSZ;New
4134;V5PXEM;New
4135;V5QBGT;New
4136;V5QSEG;New
4137;V5WCQK;New
4138;V5XSAD;New
4139;V5ZCMH;New
4140;V6ARGM;New
4141;V6BACA;New
4142;V6BQLB;New
4143;V6DEXD;New
4144;V6DOQS;New
4145;V6HGMY;New
4146;V6HHGD;New
4147;V6IFJO;New
4148;V6JASN;New
4149;V6JHLK;New
4150;V6JLTD;New
4151;V6JXLC;New
4152;V6KPNQ;New
4153;V6MFCE;New
4154;V6MJOZ;New
4155;V6NEGX;New
4156;V6PBER;New
4157;V6RCVC;New
4158;V6UXRX;New
4159;V6XWBY;New
4160;V7CMPT;New
4161;V7CYTQ;New
4162;V7DGMS;New
4163;V7DIJP;New
4164;V7GCKR;New
4165;V7GTPD;New
4166;V7HCZL;New
4167;V7HURN;New
4168;V7JKTK;New
4169;V7KJIR;New
4170;V7KMAO;New
4171;V7LFAJ;New
4172;V7LGWZ;New
4173;V7LHTX;New
4174;V7MEKE;New
4175;V7NGXA;New
4176;V7PLRO;New
4177;V7PRWH;New
4178;V7PXBU;New
4179;V7RBGB;New
4180;V7RILM;New
4181;V7RYLE;New
4182;V7VFUG;New
4183;V7VTMM;New
4184;V7YNXL;New
4185;V7ZWRR;New
4186;V8APZD;New
4187;V8ASKE;New
4188;V8ATKU;New
4189;V8CFOO;New
4190;V8CWLP;New
4191;V8GHIE;New
4192;V8HKTJ;New
4193;V8ICLM;New
4194;V8IEJF;New
4195;V8JWFI;New
4196;V8KUVV;New
4197;V8MIST;New
4198;V8PYFO;New
4199;V8RWIS;New
4200;V8UEHB;New
4201;V8XNAK;New
4202;V8XXIG;New
4203;V8YNXE;New
4204;V9BYWZ;New
4205;V9CBSN;New
4206;V9CJWX;New
4207;V9FDXB;New
4208;V9GCUL;New
4209;V9LAIR;New
4210;V9NATF;New
4211;V9QHES;New
4212;V9RAEK;New
4213;V9TYPR;New
4214;V9UKDT;New
4215;V9UQJN;New
4216;V9WBFN;New
4217;V9YZAR;New
4218;V9ZMDH;New
4219;W0BOMI;New
4220;W0DHVR;New
4221;W0DLUX;New
4222;W0DWHB;New
4223;W0EXZR;New
4224;W0FHTZ;New
4225;W0HBGD;New
4226;W0IEMG;New
4227;W0IHPD;New
4228;W0IRIK;New
4229;W0KQTN;New
4230;W0OMPU;New
4231;W0QFOE;New
4232;W0SHCS;New
4233;W0VGSD;New
4234;W0WFNP;New
4235;W0XTJF;New
4236;W0ZDEJ;New
4237;W0ZTBY;New
4238;W1BMLS;New
4239;W1FMYB;New
4240;W1FTIK;New
4241;W1GEBA;New
4242;W1GIQA;New
4243;W1GVTS;New
4244;W1HPJC;New
4245;W1LYTH;New
4246;W1MDMX;New
4247;W1NLCD;New
4248;W1NZLQ;New
4249;W1OCHN;New
4250;W1PKUU;New
4251;W1QEFH;New
4252;W1TBQY;New
4253;W1TCKV;New
4254;W1XFQE;New
4255;W1XJQR;New
4256;W1ZDHB;New
4257;W2DKOD;New
4258;W2GPPN;New
4259;W2HPKP;New
4260;W2IEYP;New
4261;W2IUFB;New
4262;W2JCDM;New
4263;W2JTDG;New
4264;W2KTDX;New
4265;W2KTXN;New
4266;W2LETD;New
4267;W2MSTR;New
4268;W2NZZF;New
4269;W2PMUQ;New
4270;W2QFAJ;New
4271;W2SPOF;New
4272;W2THXG;New
4273;W2VLGN;New
4274;W2VSZL;New
4275;W3ASJZ;New
4276;W3BIYY;New
4277;W3BUWI;New
4278;W3DRMC;New
4279;W3EEVB;New
4280;W3EGFX;New
4281;W3IZDM;New
4282;W3KKYD;New
4283;W3NGIX;New
4284;W3OJKZ;New
4285;W3PIOY;New
4286;W3QHID;New
4287;W3QJOU;New
4288;W3QKMK;New
4289;W3TNTR;New
4290;W3UGTW;New
4291;W3XGCP;New
4292;W3YGYM;New
4293;W3YHMV;New
4294;W3ZDIN;New
4295;W3ZELR;New
4296;W3ZNYX;New
4297;W3ZQPP;New
4298;W4EUKU;New
4299;W4FOPS;New
4300;W4HZAG;New
4301;W4JEJR;New
4302;W4JMJH;New
4303;W4KEGT;New
4304;W4LPDL;New
4305;W4NSEU;New
4306;W4QDYB;New
4307;W4SQMI;New
4308;W4TDLU;New
4309;W4ZFHL;New
4310;W5BRFW;New
4311;W5CHBZ;New
4312;W5CSNI;New
4313;W5FWDW;New
4314;W5GSEI;New
4315;W5HKMY;New
4316;W5IGIF;New
4317;W5IVHY;New
4318;W5NOJY;New
4319;W5ODBQ;New
4320;W5OHKW;New
4321;W5OQAT;New
4322;W5OUHL;New
4323;W5PJNI;New
4324;W5QFCC;New
4325;W5QUPS;New
4326;W5QVWA;New
4327;W5RILY;New
4328;W5RTGC;New
4329;W5TOWV;New
4330;W5VKWD;New
4331;W5VUJR;New
4332;W5WYAI;New
4333;W5XDAJ;New
4334;W6BLVT;New
4335;W6BQXD;New
4336;W6CIVF;New
4337;W6FFTX;New
4338;W6IZKS;New
4339;W6KRBZ;New
4340;W6LURG;New
4341;W6MTMA;New
4342;W6PBDP;New
4343;W6PXSC;New
4344;W6SBOO;New
4345;W6UHRE;New
4346;W6YMCL;New
4347;W7CEBL;New
4348;W7DFDH;New
4349;W7DFVK;New
4350;W7ECIF;New
4351;W7EDED;New
4352;W7EVHG;New
4353;W7FQJA;New
4354;W7FXEF;New
4355;W7GJIZ;New
4356;W7JCSL;New
4357;W7JEOA;New
4358;W7JMJE;New
4359;W7JNXG;New
4360;W7KKMX;New
4361;W7KVIZ;New
4362;W7NDEU;New
4363;W7QUHI;New
4364;W7RCXU;New
4365;W7RWMY;New
4366;W7UOEL;New
4367;W7UYBM;New
4368;W7VBIQ;New
4369;W7WGCR;New
4370;W7WILT;New
4371;W7XACR;New
4372;W7YUDS;New
4373;W7ZNCQ;New
4374;W8DGTL;New
4375;W8ECMK;New
4376;W8FYOA;New
4377;W8INGD;New
4378;W8JIFD;New
4379;W8MFSH;New
4380;W8NZLS;New
4381;W8ONMP;New
4382;W8TTZQ;New
4383;W8UPHO;New
4384;W8YUXN;New
4385;W9CCYZ;New
4386;W9DNUK;New
4387;W9EDDX;New
4388;W9FJTH;New
4389;W9FOKD;New
4390;W9GDTS;New
4391;W9HFHA;New
4392;W9JBBU;New
4393;W9JONI;New
4394;W9LJAR;New
4395;W9LOJW;New
4396;W9MVRY;New
4397;W9PGTL;New
4398;W9QOYX;New
4399;W9SOVY;New
4400;W9TZRB;New
4401;W9UCWK;New
4402;W9XMND;New
4403;W9YGSE;New
4404;X0ARZB;New
4405;X0BTKU;New
4406;X0CZGI;New
4407;X0DOFA;New
4408;X0FPYA;New
4409;X0FTTY;New
4410;X0FVRF;New
4411;X0GNGH;New
4412;X0IJDC;New
4413;X0JXQQ;New
4414;X0KSDG;New
4415;X0LJYG;New
4416;X0OVKM;New
4417;X0PMQJ;New
4418;X0QGGT;New
4419;X0RPLX;New
4420;X0TEAC;New
4421;X0TGRY;New
4422;X0TMMG;New
4423;X0UFGK;New
4424;X0UILN;New
4425;X0XEAF;New
4426;X0XHCB;New
4427;X0XXMJ;New
4428;X0XZPD;New
4429;X0YQEI;New
4430;X1BBXO;New
4431;X1DZTJ;New
4432;X1HNZZ;New
4433;X1LQSF;New
4434;X1LWRV;New
4435;X1NFJQ;New
4436;X1NLTP;New
4437;X1OKIC;New
4438;X1PCPH;New
4439;X1PHIJ;New
4440;X1POES;New
4441;X1QXEP;New
4442;X1RZWU;New
4443;X1TAWZ;New
4444;X1TJGO;New
4445;X1TNOP;New
4446;X1UPZC;New
4447;X1VNMV;New
4448;X1VYIU;New
4449;X1WKSB;New
4450;X1YPZS;New
4451;X2BSDK;New
4452;X2BYVR;New
4453;X2HLWK;New
4454;X2HZTD;New
4455;X2IKMF;New
4456;X2JCQB;New
4457;X2LCFQ;New
4458;X2LXCQ;New
4459;X2PMTB;New
4460;X2PQTS;New
4461;X2PWKU;New
4462;X2QIWC;New
4463;X2RSYE;New
4464;X2STXR;New
4465;X2TNIJ;New
4466;X2VMSS;New
4467;X2VYLF;New
4468;X2VYVK;New
4469;X2VZXY;New
4470;X2WGFJ;New
4471;X2YUJQ;New
4472;X2ZTPK;New
4473;X3AEFJ;New
4474;X3AQCU;New
4475;X3DNGF;New
4476;X3EAIP;New
4477;X3EMJR;New
4478;X3GASV;New
4479;X3GKWL;New
4480;X3HIFM;New
4481;X3ICSK;New
4482;X3JJFJ;New
4483;X3LFFM;New
4484;X3NMZD;New
4485;X3OZRN;New
4486;X3QPQK;New
4487;X3RDXI;New
4488;X3RYNE;New
4489;X3UYIH;New
4490;X3XBGF;New
4491;X3ZLDJ;New
4492;X4ANPA;New
4493;X4CACO;New
4494;X4CXQS;New
4495;X4DQAK;New
4496;X4GMJY;New
4497;X4GPZG;New
4498;X4HQHA;New
4499;X4IFJM;New
4500;X4IVCD;New
4501;X4JUYH;New
4502;X4LWZW;New
4503;X4MMKT;New
4504;X4MOQZ;New
4505;X4NBZR;New
4506;X4OXUT;New
4507;X4PXKS;New
4508;X4RSAO;New
4509;X4SLEC;New
4510;X4WILE;New
4511;X4XLZY;New
4512;X5AIEX;New
4513;X5GXPO;New
4514;X5HAGE;New
4515;X5HUTF;New
4516;X5IBQZ;New
4517;X5ITPB;New
4518;X5IVDP;New
4519;X5JMQY;New
4520;X5JVNR;New
4521;X5TCZV;New
4522;X5UQMA;New
4523;X6ANXX;New
4524;X6APUB;New
4525;X6BZRN;New
4526;X6CSTC;New
4527;X6CUHG;New
4528;X6IGYN;New
4529;X6IVYD;New
4530;X6KKYK;New
4531;X6KOWE;New
4532;X6KXEP;New
4533;X6NGYF;New
4534;X6NYPP;New
4535;X6OLTJ;New
4536;X6PKDZ;New
4537;X6QBPS;New
4538;X6REHT;New
4539;X6RSDW;New
4540;X6RZXT;New
4541;X6UIKR;New
4542;X6UIZD;New
4543;X6URHJ;New
4544;X6WMUO;New
4545;X6XAVB;New
4546;X6XUAT;New
4547;X6ZJYZ;New
4548;X7APQN;New
4549;X7ASGB;New
4550;X7BZGZ;New
4551;X7HXXZ;New
4552;X7HZPO;New
4553;X7KVKL;New
4554;X7LBUU;New
4555;X7LCEX;New
4556;X7LGTM;New
4557;X7LMZA;New
4558;X7MZPD;New
4559;X7NFUU;New
4560;X7OAGU;New
4561;X7SIHO;New
4562;X7SUDF;New
4563;X7TZWD;New
4564;X7VOMP;New
4565;X7WTTQ;New
4566;X7XEEI;New
4567;X7YLBX;New
4568;X7ZPDG;New
4569;X8AMZR;New
4570;X8BCPT;New
4571;X8BEAL;New
4572;X8CHSE;New
4573;X8CIFN;New
4574;X8CXQT;New
4575;X8ELCV;New
4576;X8EVDJ;New
4577;X8FIMJ;New
4578;X8HWYX;New
4579;X8IZON;New
4580;X8LNXQ;New
4581;X8LZHR;New
4582;X8NXCA;New
4583;X8OEXE;New
4584;X8OLTZ;New
4585;X8OXAN;New
4586;X8QUAR;New
4587;X8SDVU;New
4588;X8TBMK;New
4589;X8UMAK;New
4590;X8URBY;New
4591;X8XDQP;New
4592;X8XFLL;New
4593;X8YLWM;New
4594;X8ZHTW;New
4595;X8ZRDZ;New
4596;X9BMFG;New
4597;X9DZIS;New
4598;X9EDOV;New
4599;X9FBVH;New
4600;X9FKWB;New
4601;X9FOCT;New
4602;X9GAMU;New
4603;X9IONP;New
4604;X9ITDJ;New
4605;X9JDME;New
4606;X9MHFV;New
4607;X9MKOA;New
4608;X9NFFB;New
4609;X9TYVM;New
4610;X9UDUU;New
4611;X9UWFF;New
4612;X9VKWZ;New
4613;X9VXMT;New
4614;X9WEBF;New
4615;X9YCYC;New
4616;Y0ALPC;New
4617;Y0BDYD;New
4618;Y0BYXL;New
4619;Y0CFCQ;New
4620;Y0FUCV;New
4621;Y0JJYR;New
4622;Y0KKIM;New
4623;Y0KMZN;New
4624;Y0LBOG;New
4625;Y0QKGZ;New
4626;Y0QQVT;New
4627;Y0RAEB;New
4628;Y0SUVD;New
4629;Y0TUGX;New
4630;Y0ZHIK;New
4631;Y1AAPN;New
4632;Y1BXZN;New
4633;Y1EDDF;New
4634;Y1EQIT;New
4635;Y1EWUA;New
4636;Y1GJQR;New
4637;Y1GLER;New
4638;Y1HAGJ;New
4639;Y1IHDF;New
4640;Y1JTZC;New
4641;Y1JWBG;New
4642;Y1OWHR;New
4643;Y1RGDY;New
4644;Y1RNYB;New
4645;Y1RQBD;New
4646;Y1SXAT;New
4647;Y1TWPV;New
4648;Y1UJBR;New
4649;Y1WNVX;New
4650;Y1WXFK;New
4651;Y1YFKG;New
4652;Y1ZIYJ;New
4653;Y2GNYK;New
4654;Y2HSOQ;New
4655;Y2KRNP;New
4656;Y2LGAI;New
4657;Y2NYER;New
4658;Y2OULE;New
4659;Y2PKZE;New
4660;Y2PKZG;New
4661;Y2POZL;New
4662;Y2SDRL;New
4663;Y2UWAI;New
4664;Y2WJWP;New
4665;Y2YEJS;New
4666;Y3CRXK;New
4667;Y3DHGH;New
4668;Y3EYON;New
4669;Y3FOKE;New
4670;Y3GHDR;New
4671;Y3HCJY;New
4672;Y3IEKU;New
4673;Y3ILZE;New
4674;Y3IPKI;New
4675;Y3ITUG;New
4676;Y3IWER;New
4677;Y3JMDI;New
4678;Y3KGHX;New
4679;Y3OAPV;New
4680;Y3OSIH;New
4681;Y3TDOB;New
4682;Y3UHPW;New
4683;Y3UNUT;New
4684;Y4ALOW;New
4685;Y4CGQF;New
4686;Y4DTVO;New
4687;Y4EFBG;New
4688;Y4GUVS;New
4689;Y4HMZV;New
4690;Y4JTAC;New
4691;Y4NGNK;New
4692;Y4ODOE;New
4693;Y4OPQU;New
4694;Y4PDJC;New
4695;Y4PUGB;New
4696;Y4RPOE;New
4697;Y4SCCN;New
4698;Y4SEXS;New
4699;Y5AGFD;New
4700;Y5ANCK;New
4701;Y5CYXI;New
4702;Y5DSOU;New
4703;Y5EXSE;New
4704;Y5FYCW;New
4705;Y5GEQH;New
4706;Y5GYAN;New
4707;Y5HSKD;New
4708;Y5KBCK;New
4709;Y5KXPD;New
4710;Y5LUXA;New
4711;Y5OKYO;New
4712;Y5TTWJ;New
4713;Y5VQWF;New
4714;Y5WIFT;New
4715;Y5WTAN;New
4716;Y5XKRP;New
4717;Y5XQJS;New
4718;Y5YXLV;New
4719;Y5ZLZI;New
4720;Y6AERG;New
4721;Y6AUYM;New
4722;Y6HUWV;New
4723;Y6JRRS;New
4724;Y6KTYQ;New
4725;Y6OOWD;New
4726;Y6QLZY;New
4727;Y6RVUI;New
4728;Y6SBNC;New
4729;Y6VDLG;New
4730;Y6VUWU;New
4731;Y6WBTA;New
4732;Y6WSFN;New
4733;Y6XNEQ;New
4734;Y6XPNM;New
4735;Y6XVTE;New
4736;Y7CWZJ;New
4737;Y7EABX;New
4738;Y7EIBK;New
4739;Y7EKAK;New
4740;Y7GALK;New
4741;Y7HBOW;New
4742;Y7KRWW;New
4743;Y7LVPQ;New
4744;Y7MWCY;New
4745;Y7OKIO;New
4746;Y7PMKH;New
4747;Y7PSBT;New
4748;Y7QCRQ;New
4749;Y7QMRL;New
4750;Y7RUZX;New
4751;Y7UDDZ;New
4752;Y7VDJU;New
4753;Y7YJKJ;New
4754;Y7YNHZ;New
4755;Y7YRHY;New
4756;Y8ATYA;New
4757;Y8AVQT;New
4758;Y8ECWP;New
4759;Y8ENRX;New
4760;Y8HGZJ;New
4761;Y8IEWD;New
4762;Y8IGLR;New
4763;Y8KBEN;New
4764;Y8LQYD;New
4765;Y8LXNT;New
4766;Y8MWMN;New
4767;Y8NEUF;New
4768;Y8NQFO;New
4769;Y8OBDW;New
4770;Y8OEMT;New
4771;Y8PSFR;New
4772;Y8PTED;New
4773;Y8RKZP;New
4774;Y8UIAM;New
4775;Y8VBFN;New
4776;Y8VTWI;New
4777;Y8XEHR;New
4778;Y8XMDV;New
4779;Y8YUIC;New
4780;Y9BHBM;New
4781;Y9CKJT;New
4782;Y9ECHA;New
4783;Y9GDOM;New
4784;Y9GLYF;New
4785;Y9IDQJ;New
4786;Y9KHVY;New
4787;Y9KOLZ;New
4788;Y9KPTP;New
4789;Y9MMIU;New
4790;Y9ODWS;New
4791;Y9QKIH;New
4792;Y9TTTC;New
4793;Y9UXUD;New
4794;Y9WTTF;New
4795;Y9XXIO;New
4796;Z0BJVH;New
4797;Z0CUYU;New
4798;Z0CYDM;New
4799;Z0DOPQ;New
4800;Z0ENIS;New
4801;Z0FEVM;New
4802;Z0FHJU;New
4803;Z0GEJV;New
4804;Z0GIWL;New
4805;Z0GUML;New
4806;Z0KRZD;New
4807;Z0NLMM;New
4808;Z0NMGS;New
4809;Z0OMJG;New
4810;Z0PIAW;New
4811;Z0RDHC;New
4812;Z0SLSE;New
4813;Z0WDDC;New
4814;Z0WFYP;New
4815;Z0WPYV;New
4816;Z0WWXJ;New
4817;Z0XDAZ;New
4818;Z0XIGS;New
4819;Z0XKYB;New
4820;Z0ZOWF;New
4821;Z0ZWTC;New
4822;Z1BIOU;New
4823;Z1BNBQ;New
4824;Z1CUJL;New
4825;Z1DAAR;New
4826;Z1FFVA;New
4827;Z1IESI;New
4828;Z1ISRF;New
4829;Z1IWPB;New
4830;Z1LYDY;New
4831;Z1PDNZ;New
4832;Z1PNXV;New
4833;Z1QDWI;New
4834;Z1QXDC;New
4835;Z1SWNF;New
4836;Z1SYXE;New
4837;Z1UAQJ;New
4838;Z1ULUC;New
4839;Z1UVMI;New
4840;Z1UXOE;New
4841;Z1VRCQ;New
4842;Z1WBCV;New
4843;Z1WIRQ;New
4844;Z1WTMS;New
4845;Z1WWAF;New
4846;Z1YZEW;New
4847;Z1ZKDN;New
4848;Z2CSXC;New
4849;Z2DLQN;New
4850;Z2HAAR;New
4851;Z2IQXS;New
4852;Z2IRGU;New
4853;Z2KKSC;New
4854;Z2KTDT;New
4855;Z2MCJJ;New
4856;Z2MKSR;New
4857;Z2MVPR;New
4858;Z2NOOY;New
4859;Z2NRAM;New
4860;Z2SHEO;New
4861;Z2TZPR;New
4862;Z2XGBY;New
4863;Z2XTIQ;New
4864;Z2YQUY;New
4865;Z2YVZX;New
4866;Z3BEQO;New
4867;Z3CODR;New
4868;Z3DRCI;New
4869;Z3ESQI;New
4870;Z3FHRM;New
4871;Z3KSDC;New
4872;Z3LOFZ;New
4873;Z3NWVW;New
4874;Z3OXIU;New
4875;Z3PERS;New
4876;Z3QEKE;New
4877;Z3UVMB;New
4878;Z3VGCU;New
4879;Z3VMNO;New
4880;Z3ZQOO;New
4881;Z4CUZU;New
4882;Z4DCEG;New
4883;Z4DPKL;New
4884;Z4EDRO;New
4885;Z4FLEF;New
4886;Z4GLGD;New
4887;Z4GLKA;New
4888;Z4GOBS;New
4889;Z4HJPN;New
4890;Z4KGPY;New
4891;Z4KPFK;New
4892;Z4RCEN;New
4893;Z4SXOY;New
4894;Z4TQZY;New
4895;Z4UMJZ;New
4896;Z4XDEU;New
4897;Z4XTPK;New
4898;Z4ZOUV;New
4899;Z4ZTJX;New
4900;Z5ABAR;New
4901;Z5AFEX;New
4902;Z5AFGS;New
4903;Z5AHNQ;New
4904;Z5BQQR;New
4905;Z5BSQR;New
4906;Z5BZAW;New
4907;Z5CMMI;New
4908;Z5DIQB;New
4909;Z5DQNC;New
4910;Z5ECIR;New
4911;Z5EDOP;New
4912;Z5ERTV;New
4913;Z5FSMW;New
4914;Z5HIGC;New
4915;Z5IVKN;New
4916;Z5JXXO;New
4917;Z5OIKM;New
4918;Z5OYGA;New
4919;Z5PCJT;New
4920;Z5QSGD;New
4921;Z5SZJU;New
4922;Z5VGOC;New
4923;Z5VYYL;New
4924;Z5VZMX;New
4925;Z6ATUQ;New
4926;Z6DKIN;New
4927;Z6DTYS;New
4928;Z6FUUZ;New
4929;Z6HJQY;New
4930;Z6IWKV;New
4931;Z6JGPV;New
4932;Z6KJJW;New
4933;Z6LZQG;New
4934;Z6NDGL;New
4935;Z6NKAK;New
4936;Z6QLRZ;New
4937;Z6RMUS;New
4938;Z6RSFK;New
4939;Z6RTBC;New
4940;Z6STMQ;New
4941;Z6TANS;New
4942;Z6VNJZ;New
4943;Z6VNPK;New
4944;Z6WCLF;New
4945;Z6WJFE;New
4946;Z6YJCX;New
4947;Z6ZNPW;New
4948;Z7BCFU;New
4949;Z7BJRC;New
4950;Z7ELQW;New
4951;Z7GQTD;New
4952;Z7HCXU;New
4953;Z7HOND;New
4954;Z7JVYD;New
4955;Z7LIPA;New
4956;Z7LUWH;New
4957;Z7MDBH;New
4958;Z7MTHC;New
4959;Z7PAHA;New
4960;Z7TPJK;New
4961;Z7WBYV;New
4962;Z7WYSV;New
4963;Z7ZSOF;New
4964;Z8CGDY;New
4965;Z8CWEZ;New
4966;Z8DFUN;New
4967;Z8FJEG;New
4968;Z8FPFM;New
4969;Z8ILEO;New
4970;Z8KEYM;New
4971;Z8QIWA;New
4972;Z8SBGE;New
4973;Z8TTHD;New
4974;Z8UPVQ;New
4975;Z8UZQK;New
4976;Z8WHHA;New
4977;Z8WPOW;New
4978;Z8XJMG;New
4979;Z8XYVO;New
4980;Z8YXSM;New
4981;Z8ZXGQ;New
4982;Z8ZXRF;New
4983;Z9DNJS;New
4984;Z9DYUU;New
4985;Z9ETRW;New
4986;Z9FSZZ;New
4987;Z9IUTY;New
4988;Z9IVRT;New
4989;Z9IYBA;New
4990;Z9JMXN;New
4991;Z9JXCN;New
4992;Z9NWUR;New
4993;Z9PNAT;New
4994;Z9PNVS;New
4995;Z9RQHH;New
4996;Z9TAIK;New
4997;Z9VLIB;New
4998;Z9WMQZ;New
4999;Z9WSCU;New
